;gen;indv;callf;scores
0;gen0;[0, 1, 1, 0, 0, 0, 0, 1, 0, 1, 0, 1, 1, 1, 1, 1, 1, 0, 0, 0, 1, 0, 0, 1, 1, 0, 1, 1, 1, 1, 0, 1, 0, 1, 1, 1, 0, 1, 0, 0, 0, 0, 0, 0, 1, 1, 0, 0, 1, 0, 1, 1, 1, 1, 0, 0, 1, 1, 1, 0, 1, 1, 0, 1, 0, 0, 1, 0, 0, 1, 0, 1, 0, 0, 1, 0, 1, 1, 1, 1, 1, 1, 0, 1, 1];"ADS_drawLogP(2.67, 39.5, 20, [3, 3, 3, 0, 1, 0], [43.75, 42.5, 46.25, 10.0, 25.0, 38.75], [5.35, 4.11, 18.93, 22.22, 34.97, 27.16], 3);";29,0
1;gen0;[0, 0, 0, 0, 0, 1, 0, 1, 0, 0, 0, 0, 0, 1, 1, 1, 0, 0, 0, 1, 0, 1, 0, 0, 1, 0, 1, 0, 1, 0, 0, 0, 1, 0, 1, 0, 0, 1, 1, 0, 1, 0, 0, 1, 1, 1, 0, 0, 1, 1, 1, 0, 1, 1, 0, 0, 0, 0, 1, 0, 0, 1, 0, 1, 0, 1, 0, 0, 0, 1, 0, 1, 0, 1, 1, 0, 1, 1, 1, 1, 1, 1, 1, 0, 1];"ADS_drawLogP(1.67, 40.5, 18, [0, 3, 2, 0, 2, 2], [22.5, 31.25, 21.25, 35.0, 45.0, 46.25], [6.75, 5.91, 18.56, 22.78, 29.11, 27.42], 1);";12,0
2;gen0;[0, 1, 1, 1, 1, 1, 1, 1, 0, 1, 1, 1, 1, 0, 1, 1, 0, 1, 0, 1, 1, 0, 0, 1, 0, 1, 1, 0, 0, 1, 1, 0, 1, 1, 1, 1, 1, 1, 1, 0, 0, 0, 1, 0, 0, 0, 1, 1, 0, 0, 0, 1, 1, 1, 1, 0, 0, 0, 0, 0, 1, 0, 1, 1, 0, 0, 0, 1, 0, 0, 0, 1, 1, 1, 0, 0, 1, 0, 1, 1, 0, 1, 0, 1, 0];"ADS_drawLogP(2.67, 47.0, 21, [3, 1, 2, 2, 3, 0], [37.5, 26.25, 48.75, 31.25, 13.75, 13.75], [3.92, 13.22, 23.01, 29.86, 38.19, 34.27], 2);";0,0
3;gen0;[1, 0, 1, 1, 1, 0, 1, 0, 0, 1, 1, 0, 0, 1, 0, 0, 1, 0, 1, 1, 1, 1, 0, 0, 0, 1, 0, 0, 0, 1, 0, 0, 1, 1, 1, 1, 0, 1, 1, 0, 0, 0, 1, 1, 1, 0, 0, 1, 1, 0, 0, 0, 0, 0, 0, 0, 1, 1, 1, 0, 0, 1, 1, 1, 1, 1, 1, 0, 1, 1, 0, 1, 0, 0, 1, 1, 0, 1, 0, 0, 1, 1, 1, 1, 0];"ADS_drawLogP(3.33, 46.0, 13, [0, 2, 1, 1, 3, 2], [15.0, 21.25, 46.25, 31.25, 41.25, 30.0], [13.9, 6.23, 16.29, 18.21, 39.77, 42.65], 2);";0,0
4;gen0;[0, 1, 1, 0, 0, 1, 1, 0, 0, 0, 1, 0, 0, 1, 0, 1, 0, 1, 0, 1, 1, 1, 0, 0, 0, 1, 1, 0, 1, 1, 1, 0, 1, 0, 0, 0, 1, 1, 0, 1, 1, 1, 1, 1, 1, 0, 1, 1, 0, 0, 1, 0, 1, 0, 1, 0, 1, 0, 0, 0, 0, 0, 1, 0, 1, 0, 1, 0, 1, 0, 1, 0, 1, 1, 1, 0, 1, 1, 0, 0, 1, 1, 0, 1, 0];"ADS_drawLogP(2.67, 41.0, 11, [0, 2, 2, 2, 3, 2], [17.5, 46.25, 13.75, 28.75, 43.75, 16.25], [9.4, 13.24, 23.06, 18.36, 29.47, 38.44], 2);";0,0
5;gen0;[0, 1, 0, 1, 0, 0, 1, 1, 0, 1, 0, 0, 0, 1, 1, 1, 1, 1, 0, 0, 1, 1, 0, 1, 1, 0, 0, 0, 0, 0, 0, 1, 1, 1, 0, 0, 1, 0, 0, 1, 1, 1, 0, 0, 0, 1, 0, 0, 1, 1, 1, 1, 0, 1, 0, 1, 0, 0, 1, 0, 1, 0, 0, 1, 1, 0, 0, 1, 0, 0, 0, 0, 1, 0, 1, 1, 0, 0, 0, 1, 0, 0, 1, 0, 1];"ADS_drawLogP(2.33, 44.0, 20, [0, 3, 3, 2, 1, 2], [40.0, 13.75, 32.5, 27.5, 15.0, 47.5], [5.5, 5.5, 17.88, 28.88, 38.5, 39.88], 1);";6,0
6;gen0;[1, 1, 0, 0, 1, 0, 0, 1, 0, 0, 1, 0, 0, 1, 0, 0, 1, 1, 0, 0, 0, 1, 1, 0, 1, 1, 0, 1, 1, 1, 0, 0, 0, 0, 1, 0, 1, 0, 1, 0, 1, 1, 0, 0, 0, 0, 0, 1, 1, 0, 0, 0, 0, 0, 0, 0, 1, 0, 0, 0, 1, 0, 0, 1, 0, 0, 0, 0, 0, 1, 1, 1, 0, 0, 0, 0, 1, 0, 1, 0, 1, 0, 0, 0, 1];"ADS_drawLogP(3.66, 41.5, 19, [0, 2, 1, 2, 0, 3], [26.25, 40.0, 22.5, 37.5, 11.25, 30.0], [12.97, 12.1, 20.75, 21.61, 40.64, 32.85], 1);";0,0
7;gen0;[1, 0, 1, 0, 1, 1, 1, 1, 1, 1, 1, 0, 0, 0, 1, 0, 0, 0, 0, 1, 1, 1, 1, 0, 1, 1, 0, 1, 1, 1, 1, 1, 0, 1, 1, 0, 0, 0, 0, 1, 0, 0, 0, 1, 0, 1, 0, 1, 1, 1, 0, 1, 1, 0, 1, 0, 0, 1, 0, 0, 0, 1, 1, 0, 0, 0, 1, 0, 1, 0, 0, 1, 0, 0, 0, 0, 1, 1, 1, 0, 0, 0, 0, 1, 1];"ADS_drawLogP(3.33, 43.0, 25, [0, 1, 0, 0, 3, 3], [26.25, 47.5, 40.0, 20.0, 36.25, 43.75], [10.3, 12.99, 27.77, 20.6, 41.66, 35.83], 3);";0,0
8;gen0;[0, 1, 0, 1, 1, 0, 0, 0, 1, 1, 1, 1, 1, 1, 0, 1, 0, 1, 1, 0, 0, 1, 0, 0, 0, 1, 1, 1, 0, 1, 1, 1, 1, 0, 0, 1, 0, 1, 1, 0, 1, 0, 1, 1, 0, 0, 1, 0, 0, 1, 0, 0, 1, 0, 0, 0, 1, 1, 1, 1, 0, 1, 1, 0, 0, 0, 0, 1, 0, 1, 1, 0, 1, 0, 1, 0, 1, 1, 0, 1, 0, 0, 1, 0, 1];"ADS_drawLogP(2.33, 45.5, 17, [3, 2, 2, 3, 0, 2], [18.75, 28.75, 16.25, 36.25, 32.5, 21.25], [13.74, 2.37, 29.86, 24.17, 40.29, 41.23], 1);";13,0
9;gen0;[1, 0, 0, 0, 0, 0, 0, 0, 1, 1, 1, 1, 1, 1, 0, 0, 1, 1, 1, 1, 0, 0, 0, 1, 1, 0, 1, 0, 1, 1, 0, 0, 0, 0, 0, 1, 0, 0, 1, 1, 1, 0, 0, 0, 1, 1, 0, 0, 0, 1, 0, 1, 1, 0, 0, 1, 1, 0, 1, 0, 1, 0, 0, 1, 1, 0, 0, 1, 1, 1, 0, 1, 1, 0, 0, 1, 0, 0, 0, 0, 1, 0, 1, 0, 1];"ADS_drawLogP(3.0, 39.5, 17, [3, 2, 1, 3, 2, 0], [42.5, 40.0, 15.0, 45.0, 25.0, 23.75], [10.7, 4.94, 16.05, 15.22, 37.85, 37.44], 1);";6,0
10;gen1;[1, 0, 1, 0, 1, 1, 1, 1, 1, 1, 1, 0, 0, 0, 1, 0, 0, 0, 0, 1, 1, 1, 1, 0, 1, 1, 0, 1, 1, 1, 1, 1, 0, 1, 1, 0, 0, 0, 0, 1, 0, 0, 0, 1, 0, 1, 0, 1, 1, 1, 0, 1, 1, 0, 1, 0, 0, 1, 0, 0, 1, 0, 0, 1, 0, 0, 0, 0, 0, 1, 1, 1, 0, 0, 0, 0, 1, 0, 1, 0, 1, 0, 0, 0, 1];"ADS_drawLogP(3.33, 43.0, 25, [0, 1, 0, 0, 3, 3], [26.25, 47.5, 40.0, 20.0, 36.25, 43.75], [10.3, 12.54, 21.5, 22.4, 42.1, 34.04], 1);";6,0
11;gen1;[1, 1, 0, 0, 1, 0, 0, 1, 0, 0, 1, 0, 0, 1, 0, 0, 1, 1, 0, 0, 0, 1, 1, 0, 1, 1, 0, 1, 1, 1, 0, 0, 0, 0, 1, 0, 1, 0, 1, 0, 1, 1, 0, 0, 0, 0, 0, 1, 1, 0, 0, 0, 0, 0, 0, 0, 1, 0, 0, 0, 0, 1, 1, 0, 0, 0, 1, 0, 1, 0, 0, 1, 0, 0, 1, 0, 1, 1, 1, 0, 0, 0, 0, 1, 1];"ADS_drawLogP(3.66, 41.5, 19, [0, 2, 1, 2, 0, 3], [26.25, 40.0, 22.5, 37.5, 11.25, 30.0], [12.97, 12.54, 26.8, 19.89, 36.74, 34.58], 3);";13,0
12;gen1;[1, 1, 0, 0, 1, 0, 0, 1, 1, 1, 1, 0, 0, 0, 1, 0, 0, 0, 0, 1, 1, 1, 1, 0, 1, 1, 0, 1, 1, 1, 1, 1, 0, 1, 1, 0, 0, 0, 0, 1, 0, 0, 0, 1, 0, 1, 0, 1, 1, 1, 0, 1, 1, 0, 1, 0, 0, 1, 0, 0, 0, 1, 1, 0, 0, 0, 1, 0, 1, 0, 0, 1, 0, 0, 0, 0, 1, 1, 1, 0, 0, 0, 0, 1, 1];"ADS_drawLogP(3.66, 41.5, 25, [0, 1, 0, 0, 3, 3], [26.25, 47.5, 40.0, 20.0, 36.25, 43.75], [9.94, 12.54, 26.8, 19.89, 40.2, 34.58], 3);";0,0
13;gen1;[1, 0, 1, 0, 1, 1, 1, 1, 0, 0, 1, 0, 0, 1, 0, 0, 1, 1, 0, 0, 0, 1, 1, 0, 1, 1, 0, 1, 1, 1, 0, 0, 0, 0, 1, 0, 1, 0, 1, 0, 1, 1, 0, 0, 0, 0, 0, 1, 1, 0, 0, 0, 0, 0, 0, 0, 1, 0, 0, 0, 1, 0, 0, 1, 0, 0, 0, 0, 0, 1, 1, 1, 0, 0, 0, 0, 1, 0, 1, 0, 1, 0, 0, 0, 1];"ADS_drawLogP(3.33, 43.0, 19, [0, 2, 1, 2, 0, 3], [26.25, 40.0, 22.5, 37.5, 11.25, 30.0], [13.44, 12.54, 21.5, 22.4, 42.1, 34.04], 1);";0,0
14;gen1;[0, 1, 1, 1, 1, 1, 1, 1, 0, 1, 1, 1, 1, 0, 1, 1, 0, 1, 0, 1, 1, 0, 0, 1, 0, 1, 1, 0, 0, 1, 1, 0, 1, 1, 1, 1, 1, 1, 0, 0, 0, 0, 1, 0, 0, 0, 1, 1, 0, 0, 0, 1, 1, 1, 1, 0, 0, 0, 0, 0, 1, 0, 1, 1, 0, 0, 0, 1, 0, 0, 0, 1, 1, 1, 0, 0, 1, 0, 1, 1, 0, 1, 0, 1, 0];"ADS_drawLogP(2.67, 47.0, 21, [3, 1, 2, 2, 3, 0], [37.5, 26.25, 48.75, 11.25, 13.75, 13.75], [3.92, 13.22, 23.01, 29.86, 38.19, 34.27], 2);";0,0
15;gen1;[1, 1, 0, 0, 1, 0, 0, 1, 0, 0, 1, 0, 0, 1, 0, 0, 1, 1, 0, 0, 0, 1, 1, 0, 1, 1, 0, 1, 1, 1, 0, 0, 0, 0, 1, 0, 1, 0, 1, 0, 1, 1, 0, 0, 0, 0, 0, 1, 1, 0, 0, 0, 0, 0, 0, 0, 1, 0, 0, 0, 1, 0, 0, 1, 0, 0, 0, 0, 0, 1, 1, 1, 0, 1, 0, 0, 1, 0, 1, 0, 1, 0, 0, 0, 1];"ADS_drawLogP(3.66, 41.5, 19, [0, 2, 1, 2, 0, 3], [26.25, 40.0, 22.5, 37.5, 11.25, 30.0], [12.97, 12.1, 20.75, 21.61, 33.72, 32.85], 1);";0,0
16;gen1;[1, 0, 0, 0, 0, 0, 0, 0, 1, 1, 1, 1, 1, 1, 0, 0, 1, 1, 1, 1, 0, 0, 0, 1, 1, 0, 1, 0, 1, 0, 0, 0, 0, 0, 0, 1, 0, 0, 1, 1, 1, 0, 0, 0, 1, 1, 0, 0, 0, 1, 0, 1, 1, 0, 0, 1, 1, 0, 0, 0, 0, 0, 1, 0, 1, 0, 1, 0, 1, 0, 1, 0, 1, 1, 1, 0, 1, 1, 0, 0, 1, 1, 0, 1, 0];"ADS_drawLogP(3.0, 39.5, 17, [3, 2, 1, 3, 2, 0], [42.5, 30.0, 15.0, 45.0, 25.0, 23.75], [10.7, 12.76, 22.22, 17.69, 28.39, 37.03], 2);";19,0
17;gen1;[0, 1, 1, 0, 0, 1, 1, 0, 0, 0, 1, 1, 0, 1, 0, 1, 0, 1, 0, 1, 1, 1, 0, 0, 0, 1, 1, 0, 1, 1, 1, 0, 1, 0, 0, 0, 1, 1, 0, 1, 1, 1, 1, 1, 1, 0, 1, 1, 0, 0, 1, 0, 1, 0, 1, 0, 1, 0, 1, 0, 1, 0, 0, 1, 1, 0, 0, 1, 1, 1, 0, 1, 1, 0, 0, 1, 0, 0, 0, 0, 1, 0, 1, 0, 1];"ADS_drawLogP(2.67, 41.0, 11, [2, 2, 2, 2, 3, 2], [17.5, 46.25, 13.75, 28.75, 43.75, 16.25], [9.4, 5.12, 16.66, 15.8, 39.29, 38.86], 1);";0,0
18;gen1;[0, 1, 1, 1, 1, 1, 1, 1, 0, 1, 1, 1, 0, 0, 1, 1, 0, 1, 0, 1, 1, 0, 0, 1, 0, 1, 1, 0, 0, 1, 1, 0, 1, 1, 1, 1, 1, 1, 1, 0, 0, 0, 1, 0, 0, 0, 1, 1, 0, 0, 0, 1, 1, 0, 0, 0, 1, 1, 1, 0, 0, 1, 1, 1, 1, 1, 1, 1, 1, 1, 0, 1, 0, 0, 1, 1, 0, 1, 0, 0, 1, 1, 1, 1, 0];"ADS_drawLogP(2.67, 47.0, 21, [2, 1, 2, 2, 3, 0], [37.5, 26.25, 48.75, 31.25, 13.75, 13.75], [14.2, 6.36, 16.16, 18.6, 40.64, 43.57], 2);";19,0
19;gen1;[1, 0, 1, 1, 1, 0, 1, 0, 0, 1, 1, 0, 0, 1, 0, 0, 1, 0, 1, 1, 1, 1, 0, 0, 0, 1, 0, 0, 0, 1, 0, 0, 1, 1, 1, 1, 0, 1, 1, 0, 0, 0, 1, 1, 1, 0, 0, 1, 1, 0, 0, 0, 0, 1, 1, 0, 0, 0, 0, 0, 1, 0, 1, 1, 0, 0, 0, 1, 0, 0, 0, 1, 1, 1, 0, 0, 1, 0, 1, 1, 0, 0, 0, 1, 0];"ADS_drawLogP(3.33, 46.0, 13, [0, 2, 1, 1, 3, 2], [15.0, 21.25, 46.25, 31.25, 41.25, 30.0], [3.83, 12.94, 22.52, 29.23, 37.38, 34.5], 2);";0,0
20;gen2;[1, 0, 1, 1, 1, 0, 1, 0, 0, 1, 1, 0, 0, 1, 0, 0, 1, 0, 1, 1, 1, 1, 0, 0, 0, 1, 0, 0, 0, 1, 0, 0, 1, 1, 1, 1, 0, 1, 1, 0, 0, 0, 1, 1, 1, 0, 0, 1, 1, 0, 1, 0, 1, 0, 1, 0, 1, 0, 1, 0, 1, 0, 0, 1, 1, 0, 0, 1, 1, 1, 1, 1, 1, 0, 0, 1, 0, 0, 0, 0, 1, 0, 0, 0, 1];"ADS_drawLogP(3.33, 46.0, 13, [0, 2, 1, 1, 3, 2], [15.0, 21.25, 46.25, 31.25, 41.25, 36.25], [10.54, 5.75, 18.69, 15.81, 44.08, 44.08], 1);";0,0
21;gen2;[0, 1, 1, 0, 0, 1, 1, 0, 0, 0, 1, 1, 0, 1, 0, 1, 0, 1, 0, 1, 1, 1, 0, 0, 0, 1, 1, 0, 1, 1, 1, 0, 1, 0, 0, 0, 1, 1, 0, 1, 1, 1, 1, 1, 1, 0, 1, 1, 0, 0, 0, 0, 0, 1, 1, 0, 0, 0, 0, 0, 1, 0, 1, 1, 0, 0, 0, 1, 0, 0, 0, 1, 1, 1, 0, 0, 1, 0, 1, 1, 0, 0, 0, 1, 0];"ADS_drawLogP(2.67, 41.0, 11, [2, 2, 2, 2, 3, 2], [17.5, 46.25, 13.75, 28.75, 43.75, 10.0], [3.42, 11.53, 20.07, 26.05, 33.31, 30.75], 2);";0,0
22;gen2;[1, 1, 0, 0, 1, 0, 0, 1, 1, 1, 1, 0, 0, 0, 1, 0, 0, 0, 0, 1, 1, 1, 1, 0, 1, 1, 0, 1, 1, 1, 1, 1, 0, 1, 1, 0, 0, 0, 0, 1, 0, 0, 0, 1, 0, 1, 0, 1, 1, 1, 0, 1, 1, 0, 1, 0, 0, 1, 0, 0, 0, 1, 1, 0, 0, 0, 1, 0, 1, 0, 0, 1, 0, 0, 0, 0, 1, 1, 1, 0, 0, 0, 0, 1, 1];"ADS_drawLogP(3.66, 41.5, 25, [0, 1, 0, 0, 3, 3], [26.25, 47.5, 40.0, 20.0, 36.25, 43.75], [9.94, 12.54, 26.8, 19.89, 40.2, 34.58], 3);";0,0
23;gen2;[1, 0, 1, 0, 1, 1, 1, 1, 0, 0, 1, 0, 0, 1, 0, 0, 1, 1, 0, 0, 0, 1, 1, 0, 1, 1, 0, 1, 1, 1, 0, 0, 0, 0, 1, 0, 1, 0, 1, 0, 1, 1, 0, 0, 0, 0, 0, 1, 1, 0, 0, 0, 0, 0, 0, 0, 1, 0, 0, 0, 1, 0, 0, 1, 0, 0, 0, 0, 0, 1, 1, 1, 0, 0, 0, 0, 1, 0, 1, 0, 1, 0, 0, 0, 1];"ADS_drawLogP(3.33, 43.0, 19, [0, 2, 1, 2, 0, 3], [26.25, 40.0, 22.5, 37.5, 11.25, 30.0], [13.44, 12.54, 21.5, 22.4, 42.1, 34.04], 1);";0,0
24;gen2;[1, 0, 1, 0, 1, 1, 1, 0, 0, 1, 1, 0, 0, 1, 0, 0, 1, 0, 1, 1, 1, 1, 0, 0, 0, 1, 1, 0, 0, 1, 0, 0, 1, 0, 1, 1, 0, 1, 1, 0, 0, 0, 1, 1, 1, 0, 0, 1, 1, 0, 0, 0, 0, 1, 1, 0, 0, 0, 0, 0, 1, 0, 1, 1, 0, 0, 0, 1, 0, 0, 0, 1, 0, 1, 0, 0, 1, 0, 1, 1, 0, 1, 0, 1, 0];"ADS_drawLogP(3.33, 43.0, 13, [0, 2, 1, 1, 3, 2], [17.5, 21.25, 26.25, 31.25, 41.25, 30.0], [3.58, 12.09, 21.05, 27.77, 34.94, 31.35], 2);";24,0
25;gen2;[0, 1, 1, 1, 1, 1, 1, 1, 0, 1, 0, 1, 1, 0, 1, 1, 0, 1, 0, 1, 1, 0, 0, 1, 0, 1, 1, 0, 0, 1, 1, 0, 1, 1, 1, 1, 1, 1, 0, 0, 0, 0, 1, 0, 0, 0, 1, 1, 0, 0, 1, 1, 1, 1, 1, 0, 0, 0, 0, 0, 1, 0, 1, 1, 0, 0, 0, 1, 0, 0, 0, 1, 1, 1, 0, 0, 1, 0, 1, 1, 0, 0, 0, 1, 0];"ADS_drawLogP(2.67, 47.0, 20, [3, 1, 2, 2, 3, 0], [37.5, 26.25, 48.75, 11.25, 13.75, 18.75], [3.92, 13.22, 23.01, 29.86, 38.19, 35.25], 2);";0,0
26;gen2;[1, 1, 0, 0, 1, 0, 0, 1, 1, 1, 1, 0, 0, 0, 1, 0, 0, 0, 0, 1, 1, 1, 1, 0, 1, 1, 0, 1, 1, 1, 1, 1, 0, 1, 1, 0, 0, 0, 0, 1, 0, 0, 0, 0, 0, 1, 0, 1, 1, 1, 0, 1, 1, 0, 1, 0, 0, 1, 0, 0, 0, 1, 1, 0, 0, 0, 1, 0, 1, 0, 0, 1, 0, 0, 0, 0, 1, 1, 1, 0, 0, 0, 0, 1, 1];"ADS_drawLogP(3.66, 41.5, 25, [0, 1, 0, 0, 3, 3], [26.25, 47.5, 40.0, 20.0, 16.25, 43.75], [9.94, 12.54, 26.8, 19.89, 40.2, 34.58], 3);";11,0
27;gen2;[1, 0, 1, 0, 1, 1, 1, 1, 0, 0, 1, 0, 0, 1, 0, 0, 1, 1, 0, 1, 0, 1, 1, 0, 1, 1, 0, 1, 1, 1, 0, 0, 0, 0, 1, 0, 1, 0, 1, 0, 1, 1, 0, 0, 0, 0, 0, 1, 1, 0, 0, 0, 0, 0, 0, 0, 1, 0, 0, 0, 1, 0, 0, 1, 0, 0, 0, 0, 0, 1, 1, 1, 0, 0, 0, 0, 1, 0, 1, 0, 1, 0, 0, 0, 1];"ADS_drawLogP(3.33, 43.0, 19, [0, 2, 1, 2, 2, 3], [26.25, 40.0, 22.5, 37.5, 11.25, 30.0], [13.44, 12.54, 21.5, 22.4, 42.1, 34.04], 1);";0,0
28;gen2;[1, 0, 1, 0, 1, 1, 1, 0, 0, 0, 1, 1, 0, 1, 0, 1, 0, 1, 0, 1, 1, 1, 0, 0, 0, 1, 1, 0, 1, 1, 1, 0, 1, 0, 0, 0, 1, 1, 0, 1, 1, 1, 1, 1, 1, 0, 1, 1, 0, 0, 1, 0, 1, 0, 1, 0, 1, 0, 1, 0, 1, 0, 0, 1, 1, 0, 0, 1, 1, 1, 0, 1, 1, 0, 0, 1, 0, 0, 0, 0, 1, 0, 1, 0, 1];"ADS_drawLogP(3.33, 43.0, 11, [2, 2, 2, 2, 3, 2], [17.5, 46.25, 13.75, 28.75, 43.75, 16.25], [9.85, 5.38, 17.47, 16.57, 41.21, 40.76], 1);";0,0
29;gen2;[0, 1, 1, 0, 0, 1, 1, 1, 0, 0, 1, 0, 0, 1, 0, 0, 1, 1, 0, 0, 0, 1, 1, 0, 1, 1, 0, 1, 1, 1, 0, 0, 0, 0, 1, 0, 1, 0, 1, 0, 1, 1, 0, 0, 0, 0, 0, 1, 1, 0, 0, 0, 0, 0, 0, 0, 1, 0, 0, 0, 1, 0, 0, 1, 0, 0, 0, 0, 0, 1, 1, 1, 0, 0, 0, 0, 1, 0, 1, 0, 1, 0, 0, 0, 1];"ADS_drawLogP(2.67, 41.0, 19, [0, 2, 1, 2, 0, 3], [26.25, 40.0, 22.5, 37.5, 11.25, 30.0], [12.81, 11.96, 20.5, 21.35, 40.15, 32.46], 1);";0,0
30;gen3;[1, 1, 0, 0, 1, 0, 0, 1, 1, 1, 1, 0, 0, 0, 0, 0, 1, 1, 0, 1, 0, 1, 1, 0, 1, 1, 0, 1, 1, 1, 0, 0, 0, 0, 1, 0, 1, 0, 1, 0, 1, 1, 0, 0, 0, 0, 0, 1, 1, 0, 0, 0, 0, 0, 0, 0, 1, 0, 0, 0, 1, 0, 0, 1, 0, 0, 0, 0, 0, 1, 1, 1, 0, 0, 0, 0, 1, 0, 1, 0, 1, 0, 0, 0, 1];"ADS_drawLogP(3.66, 41.5, 25, [0, 0, 1, 2, 2, 3], [26.25, 40.0, 22.5, 37.5, 11.25, 30.0], [12.97, 12.1, 20.75, 21.61, 40.64, 32.85], 1);";0,0
31;gen3;[0, 1, 1, 0, 0, 1, 1, 1, 0, 0, 1, 0, 0, 1, 1, 0, 0, 0, 0, 1, 1, 1, 1, 0, 1, 1, 0, 1, 1, 1, 1, 1, 0, 1, 1, 0, 0, 0, 0, 1, 0, 0, 0, 1, 0, 1, 0, 1, 1, 1, 0, 1, 1, 0, 1, 0, 0, 1, 0, 0, 0, 1, 1, 0, 0, 0, 1, 0, 1, 0, 0, 1, 0, 0, 0, 0, 1, 1, 1, 0, 0, 0, 0, 1, 1];"ADS_drawLogP(2.67, 41.0, 19, [0, 3, 0, 0, 3, 3], [26.25, 47.5, 40.0, 20.0, 36.25, 43.75], [9.82, 12.39, 26.48, 19.65, 39.72, 34.17], 3);";0,0
32;gen3;[1, 0, 1, 0, 1, 1, 1, 1, 0, 0, 1, 0, 0, 1, 0, 0, 1, 1, 0, 1, 0, 1, 1, 0, 1, 1, 0, 1, 1, 1, 0, 0, 1, 0, 1, 0, 1, 0, 1, 0, 1, 1, 0, 0, 0, 0, 0, 1, 1, 0, 0, 0, 0, 0, 0, 0, 1, 0, 1, 0, 1, 0, 0, 1, 1, 0, 0, 1, 1, 1, 0, 1, 1, 0, 0, 1, 0, 0, 0, 0, 1, 0, 1, 0, 1];"ADS_drawLogP(3.33, 43.0, 19, [0, 2, 1, 2, 2, 3], [26.25, 41.25, 22.5, 37.5, 11.25, 30.0], [13.44, 5.38, 17.47, 16.57, 41.21, 40.76], 1);";0,0
33;gen3;[1, 0, 1, 0, 1, 1, 1, 0, 0, 0, 1, 1, 0, 1, 0, 1, 0, 1, 0, 1, 1, 1, 0, 0, 0, 1, 1, 0, 1, 1, 1, 0, 1, 0, 0, 0, 1, 1, 0, 1, 1, 1, 1, 1, 1, 0, 1, 1, 0, 0, 1, 0, 1, 0, 1, 0, 1, 0, 0, 0, 1, 0, 0, 1, 0, 1, 0, 0, 0, 1, 1, 1, 0, 0, 0, 0, 1, 0, 1, 0, 1, 0, 0, 0, 1];"ADS_drawLogP(3.33, 43.0, 11, [2, 2, 2, 2, 3, 2], [17.5, 46.25, 13.75, 28.75, 43.75, 16.25], [9.85, 12.54, 19.71, 22.4, 42.1, 34.04], 1);";0,0
34;gen3;[1, 0, 1, 0, 1, 1, 1, 1, 0, 0, 1, 0, 0, 1, 0, 0, 1, 0, 0, 1, 0, 1, 1, 0, 1, 1, 0, 1, 1, 1, 0, 0, 0, 0, 1, 0, 1, 0, 1, 0, 1, 1, 0, 0, 0, 0, 0, 1, 1, 0, 1, 0, 1, 0, 1, 0, 1, 0, 1, 0, 1, 0, 0, 1, 1, 0, 0, 1, 1, 1, 1, 1, 1, 0, 0, 1, 0, 0, 1, 0, 1, 0, 0, 0, 1];"ADS_drawLogP(3.33, 43.0, 19, [0, 2, 1, 0, 2, 3], [26.25, 40.0, 22.5, 37.5, 11.25, 36.25], [9.85, 5.38, 17.47, 14.78, 41.21, 34.04], 1);";0,0
35;gen3;[1, 0, 1, 1, 1, 0, 1, 0, 0, 1, 1, 0, 0, 1, 0, 0, 1, 0, 1, 1, 1, 1, 0, 0, 0, 1, 0, 0, 0, 1, 0, 0, 1, 1, 1, 1, 1, 1, 1, 0, 0, 0, 1, 1, 1, 0, 0, 1, 1, 0, 0, 0, 0, 0, 0, 0, 1, 0, 0, 0, 1, 0, 0, 1, 0, 0, 0, 0, 0, 1, 1, 1, 0, 0, 1, 0, 1, 0, 1, 0, 1, 0, 0, 0, 1];"ADS_drawLogP(3.33, 46.0, 13, [0, 2, 1, 1, 3, 2], [15.0, 21.25, 48.75, 31.25, 41.25, 30.0], [14.38, 13.42, 23.0, 23.96, 41.21, 36.42], 1);";10,0
36;gen3;[0, 1, 1, 1, 1, 1, 1, 1, 0, 1, 0, 1, 1, 0, 1, 1, 0, 1, 0, 1, 1, 0, 0, 1, 0, 1, 1, 0, 0, 1, 1, 0, 1, 1, 1, 1, 1, 1, 0, 0, 0, 0, 1, 0, 0, 0, 1, 1, 0, 0, 1, 1, 1, 1, 1, 0, 1, 0, 0, 0, 1, 0, 1, 1, 0, 0, 0, 1, 0, 0, 0, 1, 1, 1, 0, 0, 1, 0, 1, 1, 0, 0, 0, 1, 0];"ADS_drawLogP(2.67, 47.0, 20, [3, 1, 2, 2, 3, 0], [37.5, 26.25, 48.75, 11.25, 13.75, 18.75], [2.94, 13.22, 23.01, 29.86, 38.19, 35.25], 2);";0,0
37;gen3;[0, 1, 1, 0, 0, 1, 1, 1, 0, 0, 1, 0, 0, 1, 0, 0, 1, 1, 0, 0, 0, 1, 1, 0, 1, 1, 0, 1, 1, 1, 0, 0, 0, 0, 1, 0, 1, 0, 1, 0, 1, 1, 0, 0, 0, 0, 0, 1, 1, 0, 0, 0, 0, 0, 0, 0, 1, 0, 0, 0, 1, 0, 0, 1, 0, 0, 0, 0, 0, 1, 1, 1, 0, 0, 0, 0, 1, 0, 1, 0, 1, 0, 0, 0, 1];"ADS_drawLogP(2.67, 41.0, 19, [0, 2, 1, 2, 0, 3], [26.25, 40.0, 22.5, 37.5, 11.25, 30.0], [12.81, 11.96, 20.5, 21.35, 40.15, 32.46], 1);";0,0
38;gen3;[1, 1, 0, 0, 1, 0, 0, 1, 1, 1, 1, 0, 0, 0, 1, 0, 0, 0, 0, 1, 1, 1, 0, 0, 0, 1, 0, 0, 0, 1, 0, 0, 1, 1, 1, 1, 0, 1, 1, 0, 0, 0, 1, 1, 1, 0, 0, 1, 1, 0, 1, 0, 1, 0, 1, 0, 1, 0, 1, 0, 1, 0, 0, 1, 1, 0, 0, 1, 1, 1, 1, 1, 1, 0, 0, 1, 0, 0, 0, 0, 1, 0, 0, 0, 1];"ADS_drawLogP(3.66, 41.5, 25, [0, 1, 0, 0, 3, 2], [15.0, 21.25, 46.25, 31.25, 41.25, 36.25], [9.51, 5.19, 16.86, 14.27, 39.77, 39.77], 1);";12,0
39;gen3;[1, 0, 1, 1, 1, 0, 1, 0, 0, 1, 1, 0, 0, 1, 0, 0, 1, 0, 1, 1, 1, 1, 1, 0, 1, 1, 0, 1, 1, 1, 1, 1, 0, 1, 1, 0, 0, 0, 0, 1, 0, 0, 0, 1, 0, 1, 0, 1, 1, 1, 0, 1, 1, 0, 1, 0, 0, 1, 0, 0, 0, 1, 1, 0, 0, 0, 1, 0, 1, 0, 0, 1, 0, 0, 0, 0, 1, 1, 1, 0, 0, 0, 0, 1, 1];"ADS_drawLogP(3.33, 46.0, 13, [0, 2, 1, 1, 3, 3], [26.25, 47.5, 40.0, 20.0, 36.25, 43.75], [11.02, 13.9, 29.71, 22.04, 44.56, 38.33], 3);";0,0
40;gen4;[1, 0, 1, 0, 1, 1, 1, 1, 0, 0, 1, 0, 0, 1, 0, 0, 1, 1, 0, 1, 0, 1, 1, 0, 1, 0, 0, 1, 1, 1, 0, 0, 0, 0, 1, 0, 1, 0, 1, 0, 1, 1, 0, 0, 1, 0, 0, 1, 1, 0, 1, 0, 1, 0, 1, 0, 1, 0, 1, 0, 1, 0, 0, 1, 1, 0, 0, 1, 1, 1, 1, 1, 1, 0, 0, 1, 0, 0, 1, 0, 1, 0, 0, 0, 1];"ADS_drawLogP(3.33, 43.0, 19, [0, 2, 1, 2, 2, 3], [21.25, 40.0, 22.5, 37.5, 21.25, 36.25], [9.85, 5.38, 17.47, 14.78, 41.21, 34.04], 1);";0,0
41;gen4;[1, 0, 1, 0, 1, 1, 1, 1, 0, 0, 1, 0, 0, 1, 0, 0, 1, 0, 0, 1, 0, 1, 1, 0, 1, 1, 0, 1, 1, 1, 0, 0, 1, 0, 1, 0, 1, 0, 1, 0, 1, 1, 0, 0, 0, 0, 0, 1, 1, 0, 0, 0, 0, 0, 0, 0, 1, 0, 1, 0, 1, 0, 0, 1, 1, 0, 0, 1, 1, 1, 0, 1, 1, 0, 0, 1, 0, 0, 0, 0, 1, 0, 1, 0, 1];"ADS_drawLogP(3.33, 43.0, 19, [0, 2, 1, 0, 2, 3], [26.25, 41.25, 22.5, 37.5, 11.25, 30.0], [13.44, 5.38, 17.47, 16.57, 41.21, 40.76], 1);";0,0
42;gen4;[0, 1, 1, 0, 0, 1, 1, 1, 0, 0, 1, 0, 0, 1, 1, 0, 0, 0, 0, 1, 1, 1, 1, 0, 1, 1, 0, 1, 1, 1, 1, 1, 0, 1, 1, 0, 0, 0, 0, 1, 0, 0, 0, 1, 0, 0, 1, 1, 0, 0, 1, 1, 1, 1, 1, 0, 1, 0, 0, 0, 1, 0, 1, 1, 0, 0, 0, 1, 0, 0, 0, 1, 1, 1, 0, 0, 1, 0, 1, 1, 0, 0, 0, 1, 0];"ADS_drawLogP(2.67, 41.0, 19, [0, 3, 0, 0, 3, 3], [26.25, 47.5, 40.0, 20.0, 33.75, 18.75], [2.56, 11.53, 20.07, 26.05, 33.31, 30.75], 2);";15,0
43;gen4;[0, 1, 1, 1, 1, 1, 1, 1, 0, 1, 0, 1, 1, 0, 1, 1, 0, 1, 0, 1, 1, 0, 0, 1, 0, 1, 1, 0, 0, 1, 1, 0, 1, 1, 1, 1, 1, 1, 0, 0, 0, 0, 1, 0, 0, 1, 0, 1, 1, 1, 0, 1, 1, 0, 1, 0, 0, 1, 0, 0, 0, 1, 1, 0, 0, 0, 1, 0, 1, 0, 0, 1, 0, 0, 0, 0, 1, 1, 1, 0, 0, 0, 0, 1, 1];"ADS_drawLogP(2.67, 47.0, 20, [3, 1, 2, 2, 3, 0], [37.5, 26.25, 48.75, 11.25, 16.25, 43.75], [11.26, 14.2, 30.35, 22.52, 45.53, 39.17], 3);";0,0
44;gen4;[1, 0, 1, 0, 1, 1, 1, 1, 0, 0, 1, 0, 0, 1, 0, 0, 1, 0, 0, 1, 0, 1, 1, 0, 1, 1, 0, 1, 1, 1, 0, 0, 0, 0, 1, 0, 1, 0, 1, 0, 1, 1, 0, 0, 0, 0, 0, 1, 1, 0, 1, 0, 1, 0, 1, 0, 0, 1, 0, 0, 0, 1, 1, 0, 0, 0, 1, 0, 1, 0, 0, 1, 0, 0, 0, 0, 1, 1, 1, 0, 0, 0, 0, 1, 1];"ADS_drawLogP(3.33, 43.0, 19, [0, 2, 1, 0, 2, 3], [26.25, 40.0, 22.5, 37.5, 11.25, 36.25], [10.3, 12.99, 27.77, 20.6, 41.66, 35.83], 3);";15,0
45;gen4;[0, 1, 1, 0, 0, 1, 1, 1, 0, 0, 1, 0, 0, 1, 1, 0, 0, 0, 0, 1, 1, 1, 1, 0, 1, 1, 0, 1, 1, 1, 1, 1, 0, 1, 1, 0, 0, 0, 0, 1, 0, 0, 0, 1, 0, 1, 0, 1, 1, 1, 0, 1, 1, 0, 1, 0, 1, 0, 1, 0, 1, 0, 0, 1, 1, 0, 0, 1, 1, 1, 1, 1, 1, 0, 0, 1, 0, 0, 1, 0, 1, 0, 0, 0, 1];"ADS_drawLogP(2.67, 41.0, 19, [0, 3, 0, 0, 3, 3], [26.25, 47.5, 40.0, 20.0, 36.25, 43.75], [9.4, 5.12, 16.66, 14.09, 39.29, 32.46], 1);";6,0
46;gen4;[1, 1, 1, 1, 1, 0, 1, 0, 0, 1, 1, 0, 0, 1, 0, 0, 1, 0, 1, 1, 1, 1, 1, 0, 1, 1, 0, 1, 1, 1, 1, 1, 0, 1, 1, 0, 0, 0, 0, 1, 0, 0, 0, 1, 0, 1, 0, 1, 1, 1, 0, 1, 1, 0, 1, 0, 0, 1, 0, 0, 0, 0, 1, 0, 0, 0, 1, 0, 1, 0, 0, 1, 0, 0, 0, 0, 1, 1, 1, 0, 0, 0, 0, 1, 1];"ADS_drawLogP(4.0, 46.0, 13, [0, 2, 1, 1, 3, 3], [26.25, 47.5, 40.0, 20.0, 36.25, 43.75], [11.02, 14.85, 29.71, 22.04, 44.56, 38.33], 3);";0,0
47;gen4;[1, 0, 0, 0, 1, 0, 0, 1, 1, 1, 1, 0, 0, 0, 0, 0, 1, 1, 0, 1, 0, 1, 1, 0, 1, 1, 0, 1, 1, 1, 0, 0, 0, 0, 1, 0, 1, 0, 1, 0, 1, 1, 0, 0, 0, 0, 0, 1, 1, 0, 0, 0, 0, 0, 0, 0, 1, 0, 0, 0, 1, 0, 0, 1, 0, 0, 0, 0, 0, 1, 1, 1, 0, 0, 0, 0, 1, 0, 1, 0, 1, 0, 0, 0, 1];"ADS_drawLogP(3.0, 41.5, 25, [0, 0, 1, 2, 2, 3], [26.25, 40.0, 22.5, 37.5, 11.25, 30.0], [12.97, 12.1, 20.75, 21.61, 40.64, 32.85], 1);";0,0
48;gen4;[1, 0, 1, 0, 1, 1, 1, 0, 0, 0, 1, 1, 0, 1, 0, 1, 0, 1, 0, 1, 1, 1, 0, 0, 0, 1, 1, 0, 1, 1, 1, 0, 1, 0, 0, 0, 1, 1, 0, 1, 1, 1, 0, 0, 0, 0, 0, 1, 1, 0, 0, 0, 0, 0, 0, 0, 1, 0, 0, 0, 1, 0, 0, 1, 0, 0, 0, 0, 0, 1, 1, 1, 0, 0, 0, 0, 1, 0, 1, 0, 1, 0, 0, 0, 1];"ADS_drawLogP(3.33, 43.0, 11, [2, 2, 2, 2, 3, 2], [17.5, 46.25, 13.75, 27.5, 11.25, 30.0], [13.44, 12.54, 21.5, 22.4, 42.1, 34.04], 1);";0,0
49;gen4;[0, 1, 1, 0, 0, 1, 1, 1, 0, 0, 1, 0, 0, 1, 0, 0, 1, 1, 0, 0, 0, 1, 1, 0, 1, 1, 0, 1, 1, 1, 0, 0, 0, 0, 1, 0, 1, 0, 1, 0, 1, 1, 1, 1, 1, 0, 1, 1, 0, 0, 1, 0, 1, 0, 1, 0, 1, 0, 0, 0, 1, 0, 0, 1, 0, 1, 0, 0, 0, 1, 1, 1, 0, 0, 0, 0, 1, 0, 1, 0, 1, 0, 0, 0, 1];"ADS_drawLogP(2.67, 41.0, 19, [0, 2, 1, 2, 0, 3], [26.25, 40.0, 22.5, 38.75, 43.75, 16.25], [9.4, 11.96, 18.79, 21.35, 40.15, 32.46], 1);";0,0
50;gen5;[0, 1, 1, 1, 1, 1, 1, 1, 0, 1, 0, 1, 1, 0, 1, 1, 0, 1, 0, 1, 1, 0, 0, 1, 0, 1, 1, 0, 0, 1, 1, 0, 1, 0, 1, 0, 1, 0, 1, 0, 1, 1, 0, 0, 0, 0, 0, 1, 1, 0, 0, 0, 0, 0, 0, 0, 1, 0, 1, 0, 1, 0, 0, 1, 1, 0, 0, 1, 1, 1, 0, 1, 1, 0, 0, 1, 0, 0, 0, 0, 1, 0, 1, 0, 1];"ADS_drawLogP(2.67, 47.0, 20, [3, 1, 2, 2, 3, 0], [37.5, 26.25, 22.5, 37.5, 11.25, 30.0], [14.69, 5.88, 19.09, 18.11, 45.04, 44.55], 1);";0,0
51;gen5;[1, 0, 1, 0, 1, 1, 1, 1, 0, 0, 1, 0, 0, 1, 0, 0, 1, 0, 0, 1, 0, 1, 1, 0, 1, 1, 0, 1, 1, 1, 0, 1, 1, 1, 1, 1, 1, 1, 0, 0, 0, 0, 1, 0, 0, 1, 0, 1, 1, 1, 0, 1, 1, 0, 1, 0, 0, 1, 0, 0, 0, 1, 1, 0, 0, 0, 1, 0, 1, 0, 0, 1, 0, 0, 0, 0, 1, 1, 1, 0, 0, 0, 0, 1, 1];"ADS_drawLogP(3.33, 43.0, 19, [0, 2, 1, 0, 2, 3], [26.25, 43.75, 48.75, 11.25, 16.25, 43.75], [10.3, 12.99, 27.77, 20.6, 41.66, 35.83], 3);";0,0
52;gen5;[1, 1, 1, 1, 1, 0, 1, 0, 0, 1, 1, 0, 0, 1, 0, 0, 1, 0, 1, 1, 1, 1, 1, 0, 1, 1, 0, 1, 1, 1, 1, 1, 0, 1, 1, 0, 0, 0, 0, 1, 0, 0, 0, 1, 0, 1, 0, 1, 1, 1, 0, 1, 1, 0, 1, 0, 0, 1, 0, 0, 0, 0, 1, 0, 0, 0, 1, 0, 1, 0, 0, 1, 0, 0, 0, 0, 1, 0, 0, 0, 1, 0, 0, 0, 1];"ADS_drawLogP(4.0, 46.0, 13, [0, 2, 1, 1, 3, 3], [26.25, 47.5, 40.0, 20.0, 36.25, 43.75], [11.02, 14.85, 29.71, 22.04, 45.04, 44.08], 1);";0,0
53;gen5;[1, 0, 1, 0, 1, 1, 1, 0, 0, 0, 1, 1, 0, 1, 0, 1, 0, 1, 0, 1, 1, 1, 0, 0, 0, 1, 1, 0, 1, 1, 1, 0, 1, 0, 0, 0, 1, 1, 0, 1, 1, 1, 0, 0, 0, 0, 0, 1, 1, 0, 0, 0, 0, 0, 0, 0, 1, 0, 0, 0, 1, 0, 0, 1, 0, 0, 0, 0, 0, 1, 1, 1, 0, 0, 0, 0, 1, 1, 1, 0, 0, 0, 0, 1, 1];"ADS_drawLogP(3.33, 43.0, 11, [2, 2, 2, 2, 3, 2], [17.5, 46.25, 13.75, 27.5, 11.25, 30.0], [13.44, 12.54, 21.5, 22.4, 41.66, 35.83], 3);";0,0
54;gen5;[1, 1, 1, 1, 1, 0, 1, 0, 0, 1, 1, 0, 0, 1, 0, 0, 1, 0, 1, 1, 1, 1, 1, 0, 1, 0, 0, 1, 1, 1, 0, 0, 0, 0, 1, 0, 1, 0, 1, 0, 1, 1, 0, 0, 1, 0, 0, 1, 1, 0, 1, 0, 1, 0, 1, 0, 1, 0, 1, 0, 1, 0, 0, 1, 1, 0, 0, 1, 1, 1, 1, 1, 1, 0, 0, 1, 0, 0, 1, 0, 1, 0, 0, 0, 1];"ADS_drawLogP(4.0, 46.0, 13, [0, 2, 1, 1, 3, 3], [21.25, 40.0, 22.5, 37.5, 21.25, 36.25], [10.54, 5.75, 18.69, 15.81, 44.08, 36.42], 1);";0,0
55;gen5;[1, 0, 1, 1, 1, 1, 1, 1, 0, 0, 1, 0, 0, 1, 0, 0, 1, 1, 0, 1, 0, 1, 1, 0, 1, 1, 0, 1, 1, 1, 1, 1, 0, 1, 1, 0, 0, 0, 0, 1, 0, 0, 0, 1, 0, 1, 0, 1, 1, 1, 0, 1, 1, 0, 1, 0, 0, 1, 0, 0, 0, 0, 1, 0, 0, 0, 1, 0, 1, 0, 0, 1, 0, 0, 0, 0, 1, 1, 1, 0, 0, 0, 0, 1, 1];"ADS_drawLogP(3.33, 47.0, 19, [0, 2, 1, 2, 2, 3], [26.25, 47.5, 40.0, 20.0, 36.25, 43.75], [11.26, 15.18, 30.35, 22.52, 45.53, 39.17], 3);";21,0
56;gen5;[1, 0, 0, 0, 1, 0, 0, 1, 1, 1, 1, 0, 0, 0, 0, 0, 1, 1, 0, 1, 0, 1, 1, 0, 1, 1, 0, 1, 1, 1, 0, 0, 0, 0, 1, 0, 1, 0, 1, 0, 1, 1, 0, 0, 0, 0, 0, 1, 1, 0, 0, 0, 0, 0, 0, 0, 1, 0, 0, 0, 1, 0, 0, 1, 0, 1, 0, 0, 0, 1, 1, 1, 0, 0, 0, 0, 1, 0, 1, 0, 1, 0, 0, 0, 1];"ADS_drawLogP(3.0, 41.5, 25, [0, 0, 1, 2, 2, 3], [26.25, 40.0, 22.5, 37.5, 11.25, 30.0], [12.97, 12.1, 19.02, 21.61, 40.64, 32.85], 1);";0,0
57;gen5;[0, 1, 1, 0, 0, 1, 1, 1, 0, 0, 0, 0, 0, 1, 0, 0, 1, 1, 0, 0, 0, 1, 1, 0, 1, 1, 0, 1, 1, 1, 0, 0, 0, 0, 1, 0, 1, 0, 1, 0, 1, 1, 1, 1, 1, 0, 1, 1, 0, 0, 1, 0, 1, 0, 1, 0, 1, 1, 0, 0, 1, 0, 0, 1, 0, 0, 0, 0, 0, 1, 1, 1, 0, 0, 0, 0, 1, 0, 1, 0, 1, 0, 0, 0, 1];"ADS_drawLogP(2.67, 41.0, 18, [0, 2, 1, 2, 0, 3], [26.25, 40.0, 22.5, 38.75, 43.75, 16.25], [8.97, 11.96, 20.5, 21.35, 40.15, 32.46], 1);";0,0
58;gen5;[0, 1, 1, 0, 0, 1, 1, 1, 0, 0, 1, 0, 0, 1, 0, 0, 1, 1, 0, 0, 0, 1, 1, 0, 1, 1, 0, 1, 1, 1, 0, 0, 0, 0, 1, 0, 1, 0, 1, 0, 1, 1, 1, 1, 1, 0, 1, 1, 0, 0, 1, 0, 1, 0, 1, 0, 1, 0, 0, 0, 1, 0, 0, 1, 0, 1, 1, 0, 0, 1, 1, 1, 0, 0, 0, 0, 1, 0, 1, 0, 1, 0, 0, 0, 1];"ADS_drawLogP(2.67, 41.0, 19, [0, 2, 1, 2, 0, 3], [26.25, 40.0, 22.5, 38.75, 43.75, 16.25], [9.4, 11.96, 17.94, 21.35, 40.15, 32.46], 1);";0,0
59;gen5;[0, 1, 1, 0, 0, 1, 1, 1, 0, 0, 1, 0, 0, 1, 0, 0, 1, 1, 0, 0, 0, 1, 1, 0, 1, 1, 0, 1, 1, 1, 0, 0, 0, 0, 1, 0, 1, 0, 1, 0, 1, 1, 1, 1, 1, 0, 1, 1, 0, 0, 1, 0, 1, 0, 1, 0, 1, 0, 0, 0, 1, 0, 0, 1, 0, 1, 0, 0, 0, 1, 1, 1, 0, 0, 0, 0, 1, 0, 1, 0, 1, 0, 0, 0, 1];"ADS_drawLogP(2.67, 41.0, 19, [0, 2, 1, 2, 0, 3], [26.25, 40.0, 22.5, 38.75, 43.75, 16.25], [9.4, 11.96, 18.79, 21.35, 40.15, 32.46], 1);";0,0
60;gen6;[1, 1, 1, 1, 1, 0, 1, 0, 0, 1, 1, 0, 0, 1, 0, 0, 1, 0, 1, 1, 1, 1, 1, 0, 1, 0, 0, 1, 1, 1, 1, 1, 0, 1, 1, 0, 0, 0, 0, 1, 0, 0, 0, 1, 0, 1, 0, 1, 1, 1, 0, 1, 1, 0, 1, 0, 0, 1, 0, 0, 0, 0, 1, 0, 0, 0, 1, 0, 1, 0, 0, 1, 0, 0, 0, 0, 1, 0, 0, 0, 1, 0, 0, 0, 1];"ADS_drawLogP(4.0, 46.0, 13, [0, 2, 1, 1, 3, 3], [21.25, 47.5, 40.0, 20.0, 36.25, 43.75], [11.02, 14.85, 29.71, 22.04, 45.04, 44.08], 1);";0,0
61;gen6;[1, 1, 1, 1, 1, 0, 1, 0, 0, 1, 1, 0, 0, 1, 0, 0, 1, 0, 1, 1, 1, 1, 1, 0, 1, 1, 0, 1, 1, 1, 0, 0, 0, 0, 1, 0, 1, 0, 1, 0, 1, 1, 0, 0, 1, 0, 0, 1, 1, 0, 1, 0, 1, 0, 1, 0, 1, 0, 1, 0, 1, 0, 0, 1, 1, 0, 0, 1, 1, 1, 1, 1, 1, 0, 0, 1, 0, 0, 1, 0, 1, 0, 0, 0, 1];"ADS_drawLogP(4.0, 46.0, 13, [0, 2, 1, 1, 3, 3], [26.25, 40.0, 22.5, 37.5, 21.25, 36.25], [10.54, 5.75, 18.69, 15.81, 44.08, 36.42], 1);";0,0
62;gen6;[0, 1, 1, 0, 0, 1, 1, 1, 0, 1, 0, 0, 0, 1, 0, 0, 1, 1, 0, 0, 0, 1, 1, 0, 1, 1, 0, 1, 1, 1, 0, 0, 0, 0, 1, 0, 1, 0, 1, 0, 1, 1, 1, 1, 1, 0, 1, 1, 0, 0, 1, 0, 1, 0, 1, 0, 1, 1, 0, 0, 1, 0, 0, 1, 0, 0, 0, 0, 0, 1, 1, 1, 0, 0, 0, 0, 1, 0, 1, 0, 1, 0, 0, 0, 1];"ADS_drawLogP(2.67, 41.0, 20, [0, 2, 1, 2, 0, 3], [26.25, 40.0, 22.5, 38.75, 43.75, 16.25], [8.97, 11.96, 20.5, 21.35, 40.15, 32.46], 1);";0,0
63;gen6;[0, 1, 1, 0, 0, 1, 1, 1, 0, 0, 0, 0, 0, 1, 0, 0, 1, 1, 0, 0, 0, 1, 1, 0, 1, 1, 0, 1, 1, 1, 0, 0, 0, 0, 1, 0, 1, 0, 1, 0, 1, 1, 1, 1, 1, 0, 1, 1, 0, 0, 1, 0, 1, 0, 1, 0, 1, 1, 0, 0, 1, 0, 0, 1, 0, 0, 0, 0, 0, 1, 1, 1, 0, 0, 0, 0, 1, 0, 1, 0, 1, 0, 0, 0, 1];"ADS_drawLogP(2.67, 41.0, 18, [0, 2, 1, 2, 0, 3], [26.25, 40.0, 22.5, 38.75, 43.75, 16.25], [8.97, 11.96, 20.5, 21.35, 40.15, 32.46], 1);";0,0
64;gen6;[1, 1, 1, 1, 1, 0, 1, 0, 0, 1, 1, 0, 0, 1, 0, 0, 1, 0, 1, 1, 1, 1, 1, 0, 1, 0, 0, 1, 1, 1, 0, 0, 0, 0, 1, 0, 1, 0, 1, 0, 1, 1, 0, 0, 1, 0, 1, 1, 1, 0, 1, 0, 1, 0, 1, 0, 1, 0, 1, 0, 1, 0, 0, 1, 1, 0, 0, 1, 1, 1, 1, 1, 1, 0, 0, 1, 1, 0, 1, 0, 1, 0, 0, 0, 1];"ADS_drawLogP(4.0, 46.0, 13, [0, 2, 1, 1, 3, 3], [21.25, 40.0, 22.5, 37.5, 23.75, 36.25], [10.54, 5.75, 18.69, 15.81, 43.12, 36.42], 1);";0,0
65;gen6;[0, 1, 1, 0, 0, 1, 1, 1, 0, 0, 1, 0, 0, 1, 0, 0, 1, 1, 0, 0, 0, 1, 1, 0, 1, 1, 0, 1, 1, 1, 0, 0, 0, 0, 1, 0, 1, 0, 1, 0, 1, 1, 1, 1, 1, 0, 1, 1, 0, 0, 1, 0, 1, 0, 1, 0, 1, 0, 0, 0, 1, 0, 0, 1, 0, 1, 1, 0, 0, 1, 1, 1, 0, 0, 0, 0, 0, 0, 1, 0, 1, 0, 0, 0, 1];"ADS_drawLogP(2.67, 41.0, 19, [0, 2, 1, 2, 0, 3], [26.25, 40.0, 22.5, 38.75, 43.75, 16.25], [9.4, 11.96, 17.94, 21.35, 41.0, 32.46], 1);";0,0
66;gen6;[0, 0, 1, 1, 1, 1, 1, 1, 0, 1, 0, 1, 1, 1, 1, 1, 0, 1, 0, 1, 1, 0, 0, 1, 0, 1, 1, 0, 0, 1, 1, 0, 1, 0, 1, 0, 1, 0, 1, 0, 1, 1, 0, 0, 0, 0, 0, 1, 0, 0, 0, 0, 1, 0, 1, 0, 1, 1, 0, 0, 1, 0, 0, 1, 0, 0, 0, 0, 0, 1, 0, 1, 0, 0, 0, 0, 1, 0, 1, 0, 1, 0, 0, 0, 1];"ADS_drawLogP(2.0, 47.0, 20, [3, 3, 2, 2, 3, 0], [37.5, 26.25, 22.5, 37.5, 11.25, 11.25], [10.28, 13.71, 23.5, 26.44, 46.02, 37.21], 1);";0,0
67;gen6;[0, 1, 1, 0, 0, 1, 1, 1, 0, 0, 0, 0, 0, 1, 0, 0, 1, 1, 0, 0, 0, 1, 1, 0, 1, 1, 0, 1, 1, 1, 0, 0, 0, 0, 1, 0, 1, 0, 1, 0, 1, 1, 1, 1, 1, 0, 1, 1, 1, 0, 0, 0, 0, 0, 0, 0, 1, 0, 1, 0, 1, 0, 0, 1, 1, 0, 0, 1, 1, 1, 0, 1, 1, 0, 0, 1, 0, 0, 0, 0, 1, 0, 1, 0, 1];"ADS_drawLogP(2.67, 41.0, 18, [0, 2, 1, 2, 0, 3], [26.25, 40.0, 22.5, 38.75, 43.75, 30.0], [12.81, 5.12, 16.66, 15.8, 39.29, 38.86], 1);";12,0
68;gen6;[1, 0, 0, 0, 1, 0, 0, 1, 1, 1, 1, 0, 0, 0, 0, 0, 1, 1, 0, 1, 0, 1, 1, 0, 1, 1, 0, 1, 1, 1, 0, 0, 0, 0, 1, 0, 1, 0, 1, 0, 1, 1, 1, 1, 1, 0, 1, 1, 0, 0, 1, 0, 1, 0, 1, 0, 1, 1, 0, 0, 1, 0, 0, 1, 0, 0, 0, 0, 0, 1, 1, 1, 0, 0, 0, 0, 1, 0, 1, 0, 1, 0, 0, 0, 1];"ADS_drawLogP(3.0, 41.5, 25, [0, 0, 1, 2, 2, 3], [26.25, 40.0, 22.5, 38.75, 43.75, 16.25], [9.08, 12.1, 20.75, 21.61, 40.64, 32.85], 1);";10,0
69;gen6;[0, 1, 1, 0, 0, 1, 1, 1, 0, 0, 0, 0, 0, 1, 0, 0, 1, 1, 0, 0, 0, 1, 1, 0, 1, 1, 0, 1, 1, 1, 0, 0, 0, 0, 1, 0, 1, 0, 1, 0, 1, 1, 0, 0, 0, 0, 0, 1, 1, 0, 0, 0, 0, 0, 0, 0, 1, 0, 0, 0, 1, 0, 0, 1, 0, 1, 0, 0, 0, 1, 1, 1, 0, 0, 0, 0, 1, 0, 1, 0, 1, 0, 0, 0, 1];"ADS_drawLogP(2.67, 41.0, 18, [0, 2, 1, 2, 0, 3], [26.25, 40.0, 22.5, 37.5, 11.25, 30.0], [12.81, 11.96, 18.79, 21.35, 40.15, 32.46], 1);";0,0
70;gen7;[1, 1, 1, 1, 1, 0, 1, 0, 0, 1, 1, 0, 0, 1, 0, 0, 1, 0, 1, 1, 1, 1, 1, 0, 1, 0, 0, 1, 1, 1, 0, 0, 0, 0, 1, 0, 1, 0, 1, 0, 1, 1, 0, 0, 1, 0, 0, 1, 1, 0, 1, 0, 1, 0, 1, 0, 1, 0, 1, 0, 1, 0, 0, 1, 1, 0, 0, 1, 1, 1, 1, 1, 1, 0, 0, 1, 0, 0, 1, 0, 1, 0, 0, 0, 1];"ADS_drawLogP(4.0, 46.0, 13, [0, 2, 1, 1, 3, 3], [21.25, 40.0, 22.5, 37.5, 21.25, 36.25], [10.54, 5.75, 18.69, 15.81, 44.08, 36.42], 1);";0,0
71;gen7;[0, 0, 1, 1, 1, 1, 1, 1, 0, 1, 0, 0, 1, 1, 1, 1, 0, 1, 0, 1, 1, 0, 0, 1, 0, 1, 1, 0, 0, 1, 1, 0, 1, 0, 1, 0, 1, 0, 1, 0, 1, 1, 0, 0, 0, 0, 0, 1, 0, 0, 0, 0, 1, 0, 1, 0, 1, 1, 0, 0, 1, 0, 0, 1, 0, 0, 0, 0, 0, 1, 0, 1, 0, 0, 0, 0, 1, 0, 1, 0, 1, 0, 0, 0, 1];"ADS_drawLogP(2.0, 47.0, 20, [1, 3, 2, 2, 3, 0], [37.5, 26.25, 22.5, 37.5, 11.25, 11.25], [10.28, 13.71, 23.5, 26.44, 46.02, 37.21], 1);";0,0
72;gen7;[1, 1, 1, 1, 1, 0, 1, 0, 0, 1, 1, 0, 0, 1, 0, 0, 1, 0, 1, 1, 1, 1, 1, 0, 1, 1, 0, 1, 1, 1, 0, 0, 0, 0, 1, 0, 1, 0, 1, 0, 1, 1, 0, 0, 1, 0, 0, 0, 1, 0, 1, 0, 1, 0, 1, 0, 1, 0, 1, 0, 1, 0, 0, 1, 1, 0, 0, 1, 1, 1, 1, 1, 1, 0, 0, 1, 0, 0, 1, 0, 1, 0, 0, 0, 1];"ADS_drawLogP(4.0, 46.0, 13, [0, 2, 1, 1, 3, 3], [26.25, 40.0, 22.5, 37.5, 20.0, 36.25], [10.54, 5.75, 18.69, 15.81, 44.08, 36.42], 1);";0,0
73;gen7;[1, 1, 1, 1, 1, 0, 1, 0, 0, 1, 1, 0, 0, 1, 0, 0, 1, 0, 1, 1, 1, 1, 1, 0, 1, 1, 0, 1, 1, 1, 1, 0, 0, 0, 1, 0, 1, 0, 0, 0, 1, 1, 0, 0, 1, 0, 0, 1, 1, 0, 1, 0, 1, 0, 1, 0, 1, 0, 1, 0, 1, 0, 0, 1, 1, 0, 0, 1, 1, 1, 1, 1, 1, 0, 0, 1, 0, 0, 1, 0, 1, 0, 0, 0, 1];"ADS_drawLogP(4.0, 46.0, 13, [0, 2, 1, 1, 3, 3], [26.25, 45.0, 22.5, 17.5, 21.25, 36.25], [10.54, 5.75, 18.69, 15.81, 44.08, 36.42], 1);";3,0
74;gen7;[1, 0, 1, 1, 1, 0, 1, 0, 0, 1, 1, 0, 0, 1, 0, 0, 1, 0, 1, 1, 1, 1, 1, 0, 1, 0, 0, 1, 1, 1, 1, 1, 0, 1, 1, 0, 0, 0, 0, 1, 0, 0, 0, 1, 0, 1, 0, 1, 1, 1, 0, 1, 1, 0, 1, 0, 0, 1, 0, 0, 0, 0, 1, 0, 0, 0, 1, 0, 1, 0, 0, 1, 0, 0, 0, 0, 1, 0, 0, 0, 1, 0, 0, 0, 1];"ADS_drawLogP(3.33, 46.0, 13, [0, 2, 1, 1, 3, 3], [21.25, 47.5, 40.0, 20.0, 36.25, 43.75], [11.02, 14.85, 29.71, 22.04, 45.04, 44.08], 1);";0,0
75;gen7;[1, 1, 1, 1, 1, 0, 1, 0, 0, 1, 1, 0, 0, 1, 0, 0, 1, 0, 1, 1, 1, 1, 1, 0, 1, 0, 0, 1, 1, 1, 1, 1, 0, 1, 1, 0, 0, 0, 0, 1, 0, 0, 0, 1, 0, 1, 0, 1, 1, 1, 0, 1, 1, 0, 1, 0, 0, 1, 0, 0, 0, 0, 1, 0, 0, 0, 1, 0, 1, 0, 0, 1, 0, 0, 0, 0, 1, 0, 0, 0, 1, 0, 0, 0, 1];"ADS_drawLogP(4.0, 46.0, 13, [0, 2, 1, 1, 3, 3], [21.25, 47.5, 40.0, 20.0, 36.25, 43.75], [11.02, 14.85, 29.71, 22.04, 45.04, 44.08], 1);";0,0
76;gen7;[1, 1, 1, 1, 1, 0, 1, 0, 0, 1, 1, 0, 0, 1, 0, 0, 1, 1, 0, 0, 0, 1, 1, 0, 1, 1, 0, 1, 1, 1, 0, 0, 0, 0, 1, 0, 1, 0, 1, 0, 1, 1, 1, 1, 1, 0, 1, 1, 0, 0, 1, 0, 1, 0, 1, 0, 1, 1, 0, 0, 1, 0, 0, 1, 0, 0, 0, 0, 0, 1, 1, 1, 0, 0, 0, 0, 1, 0, 1, 0, 1, 0, 0, 0, 1];"ADS_drawLogP(4.0, 46.0, 13, [0, 2, 1, 2, 0, 3], [26.25, 40.0, 22.5, 38.75, 43.75, 16.25], [10.06, 13.42, 23.0, 23.96, 45.04, 36.42], 1);";0,0
77;gen7;[0, 1, 1, 0, 0, 1, 1, 1, 0, 0, 0, 0, 0, 1, 0, 0, 1, 0, 1, 1, 1, 1, 1, 0, 1, 0, 0, 1, 1, 1, 1, 1, 0, 1, 1, 0, 0, 0, 0, 1, 0, 0, 0, 1, 0, 1, 0, 1, 1, 1, 0, 1, 1, 0, 1, 0, 0, 1, 0, 0, 0, 0, 1, 0, 0, 0, 1, 0, 1, 0, 0, 1, 0, 0, 0, 0, 1, 0, 0, 0, 1, 0, 0, 0, 1];"ADS_drawLogP(2.67, 41.0, 18, [0, 2, 1, 1, 3, 3], [21.25, 47.5, 40.0, 20.0, 36.25, 43.75], [9.82, 13.24, 26.48, 19.65, 40.15, 39.29], 1);";19,0
78;gen7;[0, 1, 1, 0, 0, 1, 1, 1, 0, 0, 0, 0, 0, 1, 0, 0, 1, 1, 0, 0, 0, 1, 1, 0, 1, 1, 0, 1, 1, 1, 0, 0, 0, 0, 1, 0, 1, 0, 1, 0, 1, 1, 1, 1, 1, 0, 1, 1, 0, 0, 1, 0, 1, 0, 1, 0, 1, 1, 0, 0, 1, 0, 0, 1, 0, 0, 0, 0, 0, 1, 0, 1, 0, 0, 0, 0, 1, 0, 1, 0, 1, 0, 0, 0, 1];"ADS_drawLogP(2.67, 41.0, 18, [0, 2, 1, 2, 0, 3], [26.25, 40.0, 22.5, 38.75, 43.75, 16.25], [8.97, 11.96, 20.5, 23.06, 40.15, 32.46], 1);";0,0
79;gen7;[0, 1, 1, 0, 0, 1, 1, 1, 0, 1, 0, 0, 0, 1, 0, 0, 1, 1, 0, 0, 0, 1, 1, 0, 1, 1, 0, 1, 1, 1, 0, 0, 0, 0, 1, 0, 1, 0, 1, 0, 1, 1, 1, 1, 1, 0, 1, 1, 0, 0, 1, 0, 1, 0, 1, 0, 1, 1, 0, 1, 1, 0, 0, 1, 0, 0, 0, 0, 0, 1, 1, 1, 0, 0, 0, 0, 1, 0, 1, 0, 1, 0, 0, 0, 1];"ADS_drawLogP(2.67, 41.0, 20, [0, 2, 1, 2, 0, 3], [26.25, 40.0, 22.5, 38.75, 43.75, 16.25], [8.97, 8.54, 20.5, 21.35, 40.15, 32.46], 1);";0,0
80;gen8;[0, 0, 1, 1, 1, 1, 1, 1, 0, 1, 0, 0, 0, 1, 0, 0, 1, 1, 0, 0, 0, 1, 1, 0, 1, 1, 0, 1, 1, 1, 0, 0, 0, 0, 1, 0, 1, 0, 1, 0, 1, 1, 1, 1, 1, 0, 1, 1, 0, 0, 1, 0, 1, 0, 1, 0, 1, 1, 0, 1, 1, 0, 0, 1, 0, 0, 0, 0, 0, 1, 1, 1, 0, 0, 0, 0, 1, 0, 1, 0, 1, 0, 0, 0, 1];"ADS_drawLogP(2.0, 47.0, 20, [0, 2, 1, 2, 0, 3], [26.25, 40.0, 22.5, 38.75, 43.75, 16.25], [10.28, 9.79, 23.5, 24.48, 46.02, 37.21], 1);";13,0
81;gen8;[0, 1, 1, 0, 0, 1, 1, 1, 0, 1, 0, 0, 1, 1, 1, 1, 0, 1, 0, 1, 1, 0, 0, 1, 0, 1, 1, 0, 0, 1, 1, 0, 1, 0, 1, 0, 1, 0, 1, 0, 1, 1, 0, 0, 0, 0, 0, 1, 0, 0, 0, 0, 1, 0, 1, 0, 1, 1, 0, 0, 1, 0, 0, 1, 0, 0, 0, 0, 0, 1, 0, 1, 0, 0, 0, 0, 1, 0, 1, 0, 1, 0, 0, 0, 1];"ADS_drawLogP(2.67, 41.0, 20, [1, 3, 2, 2, 3, 0], [37.5, 26.25, 22.5, 37.5, 11.25, 11.25], [8.97, 11.96, 20.5, 23.06, 40.15, 32.46], 1);";0,0
82;gen8;[1, 1, 1, 1, 1, 0, 1, 0, 0, 1, 1, 0, 0, 1, 0, 0, 1, 1, 0, 0, 0, 1, 1, 0, 1, 1, 0, 1, 1, 1, 0, 0, 0, 0, 1, 0, 1, 0, 1, 0, 1, 1, 1, 1, 1, 0, 1, 1, 0, 0, 1, 0, 1, 0, 1, 0, 1, 1, 0, 1, 1, 0, 0, 1, 0, 0, 0, 0, 0, 1, 1, 1, 0, 0, 0, 0, 1, 0, 1, 0, 0, 0, 0, 0, 1];"ADS_drawLogP(4.0, 46.0, 13, [0, 2, 1, 2, 0, 3], [26.25, 40.0, 22.5, 38.75, 43.75, 16.25], [10.06, 9.58, 23.0, 23.96, 45.04, 38.33], 1);";0,0
83;gen8;[1, 1, 1, 1, 1, 0, 1, 0, 0, 1, 1, 0, 0, 1, 0, 0, 1, 0, 1, 1, 1, 1, 1, 0, 1, 1, 0, 1, 1, 1, 0, 0, 0, 0, 1, 0, 1, 0, 1, 0, 1, 1, 0, 0, 1, 0, 0, 0, 1, 0, 1, 0, 1, 0, 1, 0, 1, 0, 1, 0, 1, 0, 0, 1, 1, 0, 0, 1, 1, 1, 1, 1, 1, 0, 0, 1, 0, 0, 1, 0, 1, 0, 0, 0, 1];"ADS_drawLogP(4.0, 46.0, 13, [0, 2, 1, 1, 3, 3], [26.25, 40.0, 22.5, 37.5, 20.0, 36.25], [10.54, 5.75, 18.69, 15.81, 44.08, 36.42], 1);";0,0
84;gen8;[1, 1, 1, 0, 0, 1, 1, 1, 0, 0, 0, 0, 0, 1, 0, 0, 1, 1, 0, 0, 0, 1, 1, 0, 1, 1, 0, 1, 1, 1, 0, 0, 0, 0, 1, 0, 1, 0, 1, 0, 1, 1, 1, 1, 1, 0, 1, 1, 0, 0, 1, 0, 1, 0, 1, 0, 1, 1, 0, 0, 1, 0, 0, 1, 0, 0, 0, 0, 0, 1, 0, 1, 0, 0, 0, 0, 1, 0, 1, 0, 1, 0, 0, 0, 1];"ADS_drawLogP(4.0, 41.0, 18, [0, 2, 1, 2, 0, 3], [26.25, 40.0, 22.5, 38.75, 43.75, 16.25], [8.97, 11.96, 20.5, 23.06, 40.15, 32.46], 1);";0,0
85;gen8;[0, 1, 1, 1, 1, 0, 1, 0, 0, 1, 0, 0, 0, 1, 0, 0, 1, 0, 1, 1, 1, 1, 1, 0, 1, 0, 0, 1, 1, 1, 1, 1, 0, 1, 1, 0, 0, 0, 0, 1, 0, 0, 0, 1, 0, 1, 0, 1, 1, 1, 0, 1, 1, 0, 1, 0, 0, 1, 0, 0, 0, 0, 1, 0, 0, 0, 1, 0, 1, 0, 0, 1, 0, 0, 0, 0, 1, 0, 0, 0, 1, 0, 0, 0, 1];"ADS_drawLogP(2.67, 46.0, 12, [0, 2, 1, 1, 3, 3], [21.25, 47.5, 40.0, 20.0, 36.25, 43.75], [11.02, 14.85, 29.71, 22.04, 45.04, 44.08], 1);";12,0
86;gen8;[0, 1, 1, 0, 0, 1, 1, 1, 0, 1, 0, 0, 0, 1, 1, 1, 0, 1, 0, 1, 1, 0, 0, 1, 0, 1, 1, 0, 0, 1, 1, 0, 1, 0, 1, 0, 1, 0, 1, 0, 1, 1, 0, 0, 0, 0, 0, 1, 0, 0, 0, 0, 1, 0, 1, 0, 1, 1, 0, 0, 1, 0, 0, 1, 0, 0, 0, 0, 0, 1, 0, 1, 0, 0, 0, 0, 1, 0, 1, 0, 1, 0, 0, 0, 1];"ADS_drawLogP(2.67, 41.0, 20, [0, 3, 2, 2, 3, 0], [37.5, 26.25, 22.5, 37.5, 11.25, 11.25], [8.97, 11.96, 20.5, 23.06, 40.15, 32.46], 1);";18,0
87;gen8;[0, 0, 1, 1, 1, 1, 1, 1, 0, 1, 0, 0, 1, 1, 0, 0, 1, 1, 0, 0, 0, 1, 1, 0, 1, 1, 0, 1, 1, 1, 0, 0, 0, 0, 1, 0, 1, 0, 1, 0, 0, 1, 1, 1, 1, 0, 1, 1, 0, 0, 1, 0, 1, 0, 1, 0, 1, 1, 0, 1, 1, 0, 0, 1, 0, 0, 0, 0, 0, 1, 1, 1, 0, 0, 0, 0, 1, 0, 1, 0, 1, 0, 0, 0, 1];"ADS_drawLogP(2.0, 47.0, 20, [1, 2, 1, 2, 0, 3], [26.25, 40.0, 22.5, 33.75, 43.75, 16.25], [10.28, 9.79, 23.5, 24.48, 46.02, 37.21], 1);";17,0
88;gen8;[1, 0, 1, 1, 1, 0, 1, 0, 0, 1, 1, 0, 0, 1, 0, 0, 1, 0, 1, 1, 1, 1, 1, 0, 1, 0, 0, 1, 1, 1, 1, 0, 0, 1, 1, 0, 0, 0, 0, 1, 0, 0, 0, 1, 0, 1, 0, 1, 1, 1, 0, 1, 1, 0, 1, 0, 0, 1, 0, 0, 0, 0, 1, 0, 0, 0, 1, 0, 1, 1, 1, 1, 1, 0, 0, 1, 0, 0, 1, 0, 1, 0, 0, 0, 1];"ADS_drawLogP(3.33, 46.0, 13, [0, 2, 1, 1, 3, 3], [21.25, 45.0, 40.0, 20.0, 36.25, 43.75], [11.02, 14.85, 29.71, 15.81, 44.08, 36.42], 1);";3,0
89;gen8;[1, 1, 1, 1, 1, 0, 1, 0, 0, 1, 1, 0, 0, 1, 0, 0, 1, 0, 1, 1, 1, 1, 1, 0, 1, 1, 0, 1, 1, 1, 0, 0, 0, 0, 1, 0, 1, 0, 1, 0, 1, 1, 0, 0, 1, 0, 0, 0, 1, 0, 1, 0, 1, 0, 1, 0, 1, 0, 1, 0, 1, 0, 0, 1, 1, 0, 0, 1, 1, 0, 0, 1, 0, 0, 0, 0, 1, 0, 0, 0, 1, 0, 0, 0, 1];"ADS_drawLogP(4.0, 46.0, 13, [0, 2, 1, 1, 3, 3], [26.25, 40.0, 22.5, 37.5, 20.0, 36.25], [10.54, 5.75, 18.69, 22.04, 45.04, 44.08], 1);";18,0
90;gen9;[1, 1, 1, 0, 0, 1, 1, 1, 0, 0, 0, 0, 0, 1, 0, 0, 1, 1, 0, 0, 0, 1, 1, 0, 1, 1, 0, 1, 1, 1, 0, 0, 0, 0, 1, 0, 1, 0, 1, 0, 1, 1, 1, 1, 0, 0, 1, 1, 0, 0, 1, 0, 1, 0, 1, 0, 1, 1, 0, 1, 1, 0, 0, 1, 0, 0, 0, 0, 0, 1, 1, 1, 0, 0, 0, 0, 1, 0, 1, 0, 0, 0, 0, 0, 1];"ADS_drawLogP(4.0, 41.0, 18, [0, 2, 1, 2, 0, 3], [26.25, 40.0, 22.5, 38.75, 33.75, 16.25], [8.97, 8.54, 20.5, 21.35, 40.15, 34.17], 1);";0,0
91;gen9;[1, 1, 1, 1, 1, 0, 1, 0, 0, 1, 1, 0, 0, 1, 0, 0, 1, 1, 0, 0, 0, 1, 1, 0, 1, 1, 0, 1, 1, 1, 0, 0, 0, 0, 1, 0, 1, 0, 1, 0, 1, 1, 1, 1, 1, 0, 1, 1, 0, 0, 1, 0, 1, 0, 1, 0, 1, 1, 0, 0, 1, 0, 0, 1, 0, 0, 0, 0, 0, 1, 0, 1, 0, 0, 0, 0, 1, 0, 1, 0, 1, 0, 0, 0, 1];"ADS_drawLogP(4.0, 46.0, 13, [0, 2, 1, 2, 0, 3], [26.25, 40.0, 22.5, 38.75, 43.75, 16.25], [10.06, 13.42, 23.0, 25.88, 45.04, 36.42], 1);";0,0
92;gen9;[0, 1, 1, 0, 0, 1, 1, 1, 0, 1, 0, 0, 1, 1, 1, 1, 0, 1, 0, 1, 1, 0, 0, 1, 0, 1, 1, 0, 0, 1, 1, 0, 1, 0, 1, 0, 1, 0, 1, 0, 1, 1, 0, 0, 0, 0, 0, 1, 0, 0, 0, 0, 1, 0, 1, 0, 1, 1, 0, 0, 1, 0, 0, 1, 0, 0, 0, 0, 0, 1, 0, 1, 0, 0, 0, 0, 1, 0, 1, 0, 1, 0, 0, 0, 1];"ADS_drawLogP(2.67, 41.0, 20, [1, 3, 2, 2, 3, 0], [37.5, 26.25, 22.5, 37.5, 11.25, 11.25], [8.97, 11.96, 20.5, 23.06, 40.15, 32.46], 1);";0,0
93;gen9;[0, 1, 1, 0, 0, 1, 1, 1, 0, 1, 0, 0, 1, 1, 1, 1, 0, 1, 0, 1, 1, 0, 0, 1, 0, 1, 1, 0, 0, 1, 1, 0, 1, 0, 1, 0, 1, 0, 1, 0, 1, 1, 0, 0, 0, 0, 0, 1, 0, 0, 0, 0, 1, 0, 1, 0, 1, 1, 0, 0, 1, 0, 0, 1, 0, 0, 0, 0, 0, 1, 0, 1, 0, 0, 0, 0, 1, 0, 1, 0, 1, 0, 0, 0, 1];"ADS_drawLogP(2.67, 41.0, 20, [1, 3, 2, 2, 3, 0], [37.5, 26.25, 22.5, 37.5, 11.25, 11.25], [8.97, 11.96, 20.5, 23.06, 40.15, 32.46], 1);";0,0
94;gen9;[1, 1, 1, 1, 1, 0, 1, 0, 0, 1, 1, 0, 0, 1, 0, 0, 1, 0, 1, 1, 1, 1, 1, 0, 1, 1, 0, 1, 1, 1, 0, 0, 0, 0, 1, 0, 1, 0, 1, 0, 1, 1, 0, 0, 1, 0, 0, 0, 1, 0, 1, 0, 1, 0, 1, 0, 1, 0, 1, 0, 1, 0, 0, 1, 1, 0, 0, 1, 1, 1, 1, 1, 1, 0, 0, 1, 0, 0, 1, 0, 1, 0, 0, 0, 1];"ADS_drawLogP(4.0, 46.0, 13, [0, 2, 1, 1, 3, 3], [26.25, 40.0, 22.5, 37.5, 20.0, 36.25], [10.54, 5.75, 18.69, 15.81, 44.08, 36.42], 1);";0,0
95;gen9;[0, 1, 1, 1, 1, 0, 1, 0, 0, 1, 0, 0, 0, 1, 0, 0, 1, 0, 1, 1, 1, 1, 1, 0, 1, 0, 0, 1, 1, 1, 1, 1, 0, 1, 1, 0, 0, 0, 0, 1, 0, 0, 0, 0, 0, 1, 0, 1, 1, 1, 0, 1, 1, 0, 1, 0, 0, 1, 0, 0, 0, 0, 1, 0, 0, 0, 1, 0, 1, 0, 0, 1, 0, 0, 0, 0, 1, 0, 0, 0, 1, 0, 0, 0, 1];"ADS_drawLogP(2.67, 46.0, 12, [0, 2, 1, 1, 3, 3], [21.25, 47.5, 40.0, 20.0, 16.25, 43.75], [11.02, 14.85, 29.71, 22.04, 45.04, 44.08], 1);";0,0
96;gen9;[0, 1, 1, 0, 0, 1, 1, 1, 0, 1, 0, 0, 1, 1, 1, 1, 0, 1, 0, 1, 1, 0, 1, 0, 1, 0, 0, 1, 1, 1, 1, 0, 0, 1, 1, 0, 0, 0, 0, 1, 0, 0, 0, 1, 0, 1, 0, 1, 1, 1, 0, 1, 1, 0, 1, 0, 0, 1, 0, 0, 0, 0, 1, 0, 0, 0, 1, 0, 0, 1, 1, 1, 1, 0, 0, 1, 0, 0, 1, 0, 1, 0, 0, 0, 1];"ADS_drawLogP(2.67, 41.0, 20, [1, 3, 2, 2, 3, 1], [21.25, 45.0, 40.0, 20.0, 36.25, 43.75], [9.82, 13.24, 26.48, 20.93, 39.29, 32.46], 1);";20,0
97;gen9;[1, 0, 1, 1, 1, 0, 1, 0, 0, 1, 1, 0, 0, 1, 0, 0, 1, 0, 1, 1, 1, 1, 0, 1, 0, 1, 1, 0, 0, 1, 1, 0, 1, 0, 1, 0, 1, 0, 1, 0, 1, 1, 0, 0, 0, 0, 0, 1, 0, 0, 0, 0, 1, 0, 1, 0, 1, 1, 0, 0, 1, 0, 0, 1, 1, 0, 0, 0, 0, 1, 0, 1, 0, 1, 0, 0, 1, 0, 1, 0, 1, 0, 0, 0, 1];"ADS_drawLogP(3.33, 46.0, 13, [0, 2, 1, 1, 3, 2], [37.5, 26.25, 22.5, 37.5, 11.25, 11.25], [10.06, 13.42, 19.17, 25.88, 37.38, 36.42], 1);";5,0
98;gen9;[1, 1, 1, 0, 0, 1, 1, 1, 0, 0, 0, 0, 0, 1, 0, 0, 1, 1, 0, 0, 0, 1, 1, 0, 1, 1, 0, 1, 1, 1, 0, 0, 0, 0, 1, 0, 1, 0, 1, 0, 1, 1, 1, 1, 1, 0, 1, 1, 0, 0, 1, 0, 1, 0, 1, 0, 1, 0, 1, 0, 1, 0, 0, 1, 1, 0, 0, 1, 1, 1, 1, 1, 1, 0, 0, 1, 0, 0, 1, 0, 1, 0, 0, 0, 1];"ADS_drawLogP(4.0, 41.0, 18, [0, 2, 1, 2, 0, 3], [26.25, 40.0, 22.5, 38.75, 43.75, 16.25], [9.4, 5.12, 16.66, 14.09, 39.29, 32.46], 1);";0,0
99;gen9;[1, 0, 1, 1, 1, 0, 1, 0, 0, 1, 1, 0, 0, 1, 0, 0, 1, 0, 1, 1, 1, 1, 1, 0, 1, 1, 0, 1, 1, 1, 0, 0, 0, 0, 1, 0, 1, 0, 1, 0, 1, 1, 0, 0, 1, 0, 0, 0, 1, 0, 1, 0, 1, 0, 1, 0, 1, 1, 0, 0, 1, 0, 0, 1, 0, 0, 0, 0, 0, 1, 0, 1, 0, 0, 0, 0, 1, 0, 1, 0, 1, 0, 0, 0, 1];"ADS_drawLogP(3.33, 46.0, 13, [0, 2, 1, 1, 3, 3], [26.25, 40.0, 22.5, 37.5, 20.0, 36.25], [10.06, 13.42, 23.0, 25.88, 45.04, 36.42], 1);";0,0
100;gen10;[1, 1, 1, 1, 1, 0, 1, 0, 0, 1, 1, 0, 0, 1, 0, 0, 1, 0, 1, 1, 1, 1, 1, 0, 1, 1, 0, 1, 1, 1, 0, 0, 0, 0, 1, 0, 1, 0, 1, 0, 1, 1, 0, 0, 1, 0, 0, 0, 1, 0, 1, 0, 1, 0, 1, 0, 1, 0, 1, 0, 1, 0, 0, 1, 1, 0, 0, 1, 1, 1, 1, 1, 1, 0, 0, 1, 0, 0, 1, 0, 1, 0, 0, 0, 1];"ADS_drawLogP(4.0, 46.0, 13, [0, 2, 1, 1, 3, 3], [26.25, 40.0, 22.5, 37.5, 20.0, 36.25], [10.54, 5.75, 18.69, 15.81, 44.08, 36.42], 1);";0,0
101;gen10;[1, 1, 1, 0, 0, 1, 1, 1, 0, 0, 0, 0, 0, 1, 0, 0, 1, 1, 0, 0, 0, 1, 1, 0, 1, 1, 0, 1, 1, 1, 0, 0, 0, 0, 1, 0, 1, 0, 1, 0, 1, 1, 1, 1, 1, 0, 1, 1, 0, 0, 1, 0, 1, 0, 1, 0, 1, 0, 1, 0, 1, 0, 0, 1, 1, 0, 0, 1, 1, 1, 1, 1, 1, 0, 0, 1, 0, 0, 1, 0, 1, 0, 0, 0, 1];"ADS_drawLogP(4.0, 41.0, 18, [0, 2, 1, 2, 0, 3], [26.25, 40.0, 22.5, 38.75, 43.75, 16.25], [9.4, 5.12, 16.66, 14.09, 39.29, 32.46], 1);";0,0
102;gen10;[1, 1, 1, 0, 0, 1, 1, 1, 0, 0, 0, 0, 0, 1, 0, 0, 1, 1, 0, 0, 0, 1, 1, 0, 1, 1, 0, 1, 1, 1, 0, 0, 0, 0, 1, 0, 1, 0, 1, 0, 1, 1, 1, 1, 1, 0, 1, 1, 0, 0, 1, 0, 1, 0, 1, 0, 1, 1, 0, 0, 1, 0, 0, 1, 0, 0, 0, 0, 0, 1, 0, 1, 0, 0, 0, 0, 1, 0, 1, 0, 1, 0, 0, 0, 1];"ADS_drawLogP(4.0, 41.0, 18, [0, 2, 1, 2, 0, 3], [26.25, 40.0, 22.5, 38.75, 43.75, 16.25], [8.97, 11.96, 20.5, 23.06, 40.15, 32.46], 1);";0,0
103;gen10;[1, 1, 1, 1, 1, 0, 1, 0, 0, 1, 1, 0, 0, 1, 0, 0, 1, 1, 0, 0, 0, 1, 1, 0, 1, 1, 0, 1, 1, 1, 0, 0, 0, 0, 1, 0, 1, 0, 1, 0, 1, 1, 1, 1, 1, 0, 1, 1, 0, 0, 1, 0, 1, 0, 1, 0, 1, 0, 1, 0, 1, 0, 0, 1, 1, 0, 0, 1, 1, 1, 1, 1, 1, 0, 0, 1, 0, 0, 1, 0, 1, 0, 0, 0, 1];"ADS_drawLogP(4.0, 46.0, 13, [0, 2, 1, 2, 0, 3], [26.25, 40.0, 22.5, 38.75, 43.75, 16.25], [10.54, 5.75, 18.69, 15.81, 44.08, 36.42], 1);";0,0
104;gen10;[1, 1, 1, 0, 0, 1, 1, 1, 0, 0, 0, 0, 0, 1, 0, 0, 1, 1, 1, 0, 0, 1, 1, 0, 1, 1, 0, 1, 1, 1, 0, 0, 0, 0, 1, 0, 1, 0, 1, 0, 1, 1, 1, 1, 0, 0, 1, 1, 0, 0, 1, 0, 1, 0, 1, 0, 1, 1, 0, 1, 1, 0, 0, 1, 0, 0, 0, 0, 0, 1, 1, 1, 0, 0, 0, 0, 1, 0, 1, 0, 0, 0, 0, 0, 1];"ADS_drawLogP(4.0, 41.0, 18, [0, 2, 1, 3, 0, 3], [26.25, 40.0, 22.5, 38.75, 33.75, 16.25], [8.97, 8.54, 20.5, 21.35, 40.15, 34.17], 1);";0,0
105;gen10;[0, 1, 1, 0, 0, 1, 1, 1, 0, 1, 0, 0, 1, 1, 1, 1, 0, 1, 0, 1, 1, 0, 0, 1, 0, 1, 1, 0, 0, 1, 1, 0, 1, 0, 1, 0, 1, 0, 0, 0, 1, 1, 0, 0, 0, 0, 0, 1, 0, 0, 0, 0, 1, 0, 1, 0, 1, 1, 0, 0, 1, 0, 0, 1, 0, 0, 0, 0, 0, 1, 0, 1, 0, 0, 0, 0, 1, 0, 1, 0, 1, 0, 0, 0, 1];"ADS_drawLogP(2.67, 41.0, 20, [1, 3, 2, 2, 3, 0], [37.5, 26.25, 22.5, 17.5, 11.25, 11.25], [8.97, 11.96, 20.5, 23.06, 40.15, 32.46], 1);";13,0
106;gen10;[0, 1, 1, 0, 0, 1, 1, 1, 0, 1, 0, 0, 1, 1, 1, 1, 0, 1, 0, 1, 1, 0, 0, 1, 0, 1, 1, 0, 1, 1, 0, 0, 0, 0, 1, 0, 1, 0, 1, 0, 1, 1, 0, 0, 1, 0, 0, 0, 1, 0, 1, 0, 1, 0, 1, 0, 1, 1, 0, 0, 1, 0, 0, 1, 0, 0, 0, 0, 0, 1, 0, 1, 0, 0, 0, 0, 1, 0, 1, 0, 1, 0, 0, 0, 1];"ADS_drawLogP(2.67, 41.0, 20, [1, 3, 2, 2, 3, 0], [37.5, 40.0, 22.5, 37.5, 20.0, 36.25], [8.97, 11.96, 20.5, 23.06, 40.15, 32.46], 1);";29,0
107;gen10;[1, 0, 1, 1, 1, 0, 1, 0, 0, 1, 1, 0, 0, 1, 0, 0, 1, 0, 1, 1, 1, 1, 0, 0, 1, 1, 0, 1, 0, 1, 1, 0, 1, 0, 1, 0, 1, 0, 1, 0, 1, 1, 0, 1, 0, 0, 0, 1, 0, 0, 0, 0, 1, 0, 1, 0, 1, 1, 0, 0, 1, 0, 0, 1, 0, 0, 0, 0, 0, 1, 0, 1, 0, 0, 0, 0, 1, 0, 1, 0, 1, 0, 0, 0, 1];"ADS_drawLogP(3.33, 46.0, 13, [0, 2, 1, 1, 3, 2], [26.25, 26.25, 22.5, 37.5, 31.25, 11.25], [10.06, 13.42, 23.0, 25.88, 45.04, 36.42], 1);";0,0
108;gen10;[1, 1, 1, 0, 0, 1, 1, 1, 0, 0, 0, 0, 0, 1, 0, 0, 1, 1, 0, 0, 0, 1, 1, 0, 1, 1, 0, 1, 1, 1, 0, 0, 0, 0, 1, 0, 1, 0, 1, 0, 1, 1, 1, 1, 1, 0, 1, 1, 0, 0, 1, 0, 1, 0, 1, 0, 1, 1, 0, 0, 1, 0, 0, 1, 0, 0, 0, 0, 0, 1, 0, 1, 0, 0, 0, 0, 1, 0, 1, 0, 1, 0, 0, 0, 1];"ADS_drawLogP(4.0, 41.0, 18, [0, 2, 1, 2, 0, 3], [26.25, 40.0, 22.5, 38.75, 43.75, 16.25], [8.97, 11.96, 20.5, 23.06, 40.15, 32.46], 1);";0,0
109;gen10;[1, 1, 1, 1, 1, 0, 1, 0, 0, 1, 1, 0, 0, 1, 0, 0, 1, 1, 0, 1, 0, 1, 1, 0, 1, 1, 0, 1, 1, 1, 0, 0, 0, 0, 1, 0, 1, 0, 1, 0, 1, 1, 1, 1, 1, 0, 1, 1, 0, 0, 1, 0, 1, 0, 1, 0, 1, 0, 1, 0, 1, 0, 0, 1, 1, 0, 0, 1, 1, 1, 1, 1, 1, 0, 0, 1, 0, 0, 1, 0, 1, 0, 0, 0, 1];"ADS_drawLogP(4.0, 46.0, 13, [0, 2, 1, 2, 2, 3], [26.25, 40.0, 22.5, 38.75, 43.75, 16.25], [10.54, 5.75, 18.69, 15.81, 44.08, 36.42], 1);";0,0
110;gen11;[1, 1, 1, 1, 1, 0, 1, 0, 0, 1, 1, 0, 0, 1, 0, 0, 1, 1, 0, 0, 0, 1, 1, 0, 1, 1, 0, 1, 1, 1, 0, 0, 0, 0, 1, 0, 1, 0, 1, 0, 0, 1, 1, 1, 1, 0, 1, 1, 0, 0, 1, 0, 1, 0, 1, 0, 1, 1, 0, 0, 1, 0, 0, 1, 0, 0, 0, 0, 0, 1, 0, 1, 0, 0, 0, 0, 1, 0, 1, 0, 1, 0, 0, 0, 1];"ADS_drawLogP(4.0, 46.0, 13, [0, 2, 1, 2, 0, 3], [26.25, 40.0, 22.5, 33.75, 43.75, 16.25], [10.06, 13.42, 23.0, 25.88, 45.04, 36.42], 1);";0,0
111;gen11;[1, 0, 1, 0, 0, 1, 1, 1, 0, 0, 0, 0, 0, 1, 0, 0, 1, 1, 0, 0, 0, 1, 1, 0, 1, 1, 0, 1, 1, 1, 0, 0, 0, 0, 1, 0, 1, 0, 1, 0, 0, 1, 1, 1, 1, 0, 1, 1, 0, 0, 1, 0, 1, 0, 1, 0, 1, 0, 1, 0, 1, 0, 0, 1, 1, 0, 0, 1, 1, 1, 1, 0, 1, 0, 0, 1, 0, 1, 1, 0, 1, 0, 0, 0, 1];"ADS_drawLogP(3.33, 41.0, 18, [0, 2, 1, 2, 0, 3], [26.25, 40.0, 22.5, 33.75, 43.75, 16.25], [9.4, 5.12, 16.66, 14.95, 38.86, 32.46], 1);";0,0
112;gen11;[1, 1, 1, 1, 1, 0, 1, 0, 0, 1, 1, 0, 0, 1, 0, 0, 1, 1, 0, 0, 0, 1, 1, 0, 1, 1, 0, 1, 1, 1, 0, 0, 0, 0, 1, 0, 1, 0, 1, 0, 1, 1, 1, 1, 1, 0, 1, 1, 0, 0, 1, 0, 1, 0, 1, 0, 1, 1, 0, 0, 1, 0, 0, 1, 0, 0, 0, 0, 0, 1, 0, 1, 0, 0, 0, 0, 1, 0, 1, 0, 1, 0, 0, 0, 1];"ADS_drawLogP(4.0, 46.0, 13, [0, 2, 1, 2, 0, 3], [26.25, 40.0, 22.5, 38.75, 43.75, 16.25], [10.06, 13.42, 23.0, 25.88, 45.04, 36.42], 1);";0,0
113;gen11;[1, 1, 1, 0, 0, 1, 1, 1, 0, 1, 0, 0, 0, 1, 0, 0, 1, 1, 0, 0, 0, 1, 1, 0, 1, 1, 0, 1, 1, 1, 0, 0, 0, 0, 1, 0, 1, 0, 1, 0, 1, 1, 1, 1, 1, 0, 1, 1, 0, 0, 1, 0, 1, 0, 1, 0, 1, 0, 1, 0, 1, 0, 0, 1, 1, 0, 0, 1, 1, 1, 1, 1, 1, 0, 0, 1, 0, 0, 1, 0, 1, 0, 0, 0, 1];"ADS_drawLogP(4.0, 41.0, 20, [0, 2, 1, 2, 0, 3], [26.25, 40.0, 22.5, 38.75, 43.75, 16.25], [9.4, 5.12, 16.66, 14.09, 39.29, 32.46], 1);";0,0
114;gen11;[1, 1, 1, 1, 1, 0, 1, 0, 0, 1, 1, 0, 1, 1, 0, 0, 1, 1, 0, 0, 0, 1, 1, 0, 1, 1, 0, 1, 1, 1, 0, 0, 0, 0, 1, 0, 1, 0, 1, 0, 1, 1, 1, 1, 1, 0, 1, 1, 0, 0, 1, 0, 1, 0, 1, 0, 1, 1, 0, 0, 1, 0, 0, 1, 0, 0, 0, 0, 0, 1, 0, 1, 0, 0, 0, 0, 1, 0, 1, 0, 1, 0, 0, 0, 1];"ADS_drawLogP(4.0, 46.0, 13, [1, 2, 1, 2, 0, 3], [26.25, 40.0, 22.5, 38.75, 43.75, 16.25], [10.06, 13.42, 23.0, 25.88, 45.04, 36.42], 1);";11,0
115;gen11;[1, 1, 1, 0, 0, 1, 1, 1, 0, 1, 0, 0, 0, 1, 0, 0, 1, 1, 0, 0, 0, 1, 1, 0, 1, 1, 0, 1, 1, 1, 0, 0, 0, 0, 1, 0, 1, 0, 1, 0, 1, 1, 1, 1, 1, 0, 1, 1, 0, 0, 1, 0, 1, 0, 1, 0, 1, 0, 1, 0, 1, 0, 0, 1, 1, 0, 0, 1, 1, 1, 1, 1, 1, 0, 0, 1, 0, 0, 1, 0, 1, 0, 0, 0, 1];"ADS_drawLogP(4.0, 41.0, 20, [0, 2, 1, 2, 0, 3], [26.25, 40.0, 22.5, 38.75, 43.75, 16.25], [9.4, 5.12, 16.66, 14.09, 39.29, 32.46], 1);";0,0
116;gen11;[1, 1, 1, 0, 0, 1, 1, 1, 0, 0, 0, 0, 0, 1, 0, 0, 1, 1, 0, 0, 0, 1, 0, 0, 1, 1, 0, 1, 1, 1, 0, 0, 0, 0, 1, 0, 1, 0, 1, 0, 1, 1, 1, 1, 1, 0, 1, 1, 0, 0, 1, 0, 1, 0, 1, 0, 1, 0, 1, 0, 1, 0, 0, 1, 1, 0, 0, 1, 1, 1, 1, 1, 1, 0, 0, 1, 0, 0, 1, 0, 1, 0, 0, 0, 1];"ADS_drawLogP(4.0, 41.0, 18, [0, 2, 1, 2, 0, 2], [26.25, 40.0, 22.5, 38.75, 43.75, 16.25], [9.4, 5.12, 16.66, 14.09, 39.29, 32.46], 1);";0,0
117;gen11;[1, 1, 1, 0, 0, 1, 1, 1, 0, 0, 0, 0, 0, 1, 0, 0, 1, 1, 0, 0, 0, 1, 1, 0, 1, 1, 0, 1, 1, 0, 0, 0, 0, 0, 1, 0, 1, 0, 1, 0, 1, 1, 1, 1, 1, 0, 1, 1, 0, 0, 1, 0, 1, 0, 1, 0, 1, 0, 1, 0, 1, 0, 0, 1, 1, 0, 0, 1, 1, 1, 1, 1, 1, 0, 0, 1, 0, 0, 1, 0, 1, 0, 0, 0, 1];"ADS_drawLogP(4.0, 41.0, 18, [0, 2, 1, 2, 0, 3], [26.25, 30.0, 22.5, 38.75, 43.75, 16.25], [9.4, 5.12, 16.66, 14.09, 39.29, 32.46], 1);";11,0
118;gen11;[1, 0, 1, 1, 1, 0, 1, 0, 0, 1, 1, 0, 0, 1, 0, 0, 1, 0, 1, 1, 1, 1, 1, 0, 1, 1, 0, 1, 1, 1, 0, 0, 0, 0, 1, 0, 1, 0, 1, 0, 1, 1, 0, 0, 1, 0, 0, 0, 1, 0, 0, 0, 1, 0, 1, 0, 1, 0, 1, 0, 1, 0, 0, 1, 1, 0, 0, 1, 1, 1, 1, 1, 1, 0, 0, 1, 0, 0, 1, 0, 1, 0, 0, 0, 1];"ADS_drawLogP(3.33, 46.0, 13, [0, 2, 1, 1, 3, 3], [26.25, 40.0, 22.5, 37.5, 20.0, 31.25], [10.54, 5.75, 18.69, 15.81, 44.08, 36.42], 1);";0,0
119;gen11;[1, 1, 1, 1, 1, 0, 1, 0, 0, 1, 1, 0, 0, 1, 0, 0, 1, 0, 1, 1, 1, 1, 0, 0, 1, 1, 0, 1, 0, 1, 1, 0, 1, 0, 1, 0, 1, 0, 1, 0, 1, 1, 0, 1, 0, 0, 0, 1, 0, 0, 0, 0, 1, 0, 1, 0, 1, 1, 0, 0, 1, 0, 0, 1, 0, 0, 0, 0, 0, 1, 0, 1, 0, 0, 0, 0, 1, 0, 1, 0, 1, 0, 0, 0, 1];"ADS_drawLogP(4.0, 46.0, 13, [0, 2, 1, 1, 3, 2], [26.25, 26.25, 22.5, 37.5, 31.25, 11.25], [10.06, 13.42, 23.0, 25.88, 45.04, 36.42], 1);";0,0
120;gen12;[1, 1, 1, 0, 0, 1, 0, 1, 0, 1, 0, 0, 0, 1, 0, 0, 1, 1, 0, 0, 0, 1, 1, 0, 1, 1, 0, 1, 1, 1, 0, 0, 0, 0, 1, 0, 1, 0, 1, 0, 1, 1, 1, 1, 1, 0, 1, 1, 0, 0, 1, 0, 1, 0, 1, 0, 1, 0, 1, 0, 1, 0, 0, 1, 1, 0, 0, 1, 1, 1, 1, 1, 1, 0, 0, 1, 0, 0, 1, 0, 1, 0, 0, 0, 1];"ADS_drawLogP(4.0, 40.5, 20, [0, 2, 1, 2, 0, 3], [26.25, 40.0, 22.5, 38.75, 43.75, 16.25], [9.28, 5.06, 16.45, 13.92, 38.81, 32.06], 1);";0,0
121;gen12;[1, 1, 1, 0, 0, 1, 1, 1, 0, 0, 0, 0, 0, 1, 0, 0, 1, 1, 0, 0, 0, 1, 0, 0, 1, 1, 0, 1, 1, 1, 0, 0, 0, 0, 1, 0, 1, 0, 1, 0, 1, 1, 1, 1, 1, 0, 1, 1, 0, 0, 1, 0, 1, 0, 1, 0, 1, 0, 1, 0, 1, 0, 0, 1, 1, 0, 0, 1, 1, 1, 1, 1, 1, 0, 0, 0, 0, 0, 1, 0, 1, 0, 0, 0, 1];"ADS_drawLogP(4.0, 41.0, 18, [0, 2, 1, 2, 0, 2], [26.25, 40.0, 22.5, 38.75, 43.75, 16.25], [9.4, 5.12, 16.66, 14.09, 41.0, 32.46], 1);";0,0
122;gen12;[1, 1, 1, 0, 0, 1, 1, 1, 0, 1, 0, 0, 0, 1, 0, 0, 1, 1, 0, 1, 0, 1, 1, 0, 1, 1, 0, 1, 1, 1, 0, 0, 0, 0, 1, 0, 1, 0, 1, 0, 1, 1, 1, 1, 1, 0, 1, 1, 0, 0, 1, 0, 1, 0, 1, 0, 1, 0, 1, 0, 1, 0, 0, 1, 1, 0, 0, 1, 1, 1, 1, 1, 1, 0, 0, 1, 0, 0, 1, 0, 1, 0, 0, 0, 1];"ADS_drawLogP(4.0, 41.0, 20, [0, 2, 1, 2, 2, 3], [26.25, 40.0, 22.5, 38.75, 43.75, 16.25], [9.4, 5.12, 16.66, 14.09, 39.29, 32.46], 1);";0,0
123;gen12;[1, 1, 1, 0, 0, 1, 1, 1, 0, 1, 0, 0, 0, 1, 0, 0, 1, 1, 0, 0, 0, 1, 1, 0, 1, 1, 0, 1, 1, 1, 0, 0, 0, 0, 1, 0, 1, 0, 1, 0, 1, 1, 1, 1, 1, 0, 1, 1, 0, 0, 1, 0, 1, 0, 1, 0, 1, 0, 1, 0, 1, 0, 0, 1, 1, 0, 0, 1, 1, 1, 1, 1, 1, 0, 0, 1, 0, 0, 1, 0, 1, 0, 0, 1, 1];"ADS_drawLogP(4.0, 41.0, 20, [0, 2, 1, 2, 0, 3], [26.25, 40.0, 22.5, 38.75, 43.75, 16.25], [9.4, 5.12, 16.66, 14.09, 39.29, 32.46], 3);";0,0
124;gen12;[1, 0, 1, 1, 1, 0, 1, 0, 0, 1, 1, 0, 0, 1, 0, 0, 1, 0, 1, 1, 1, 1, 1, 0, 1, 1, 0, 1, 1, 1, 0, 0, 0, 0, 1, 0, 1, 0, 1, 0, 0, 1, 1, 1, 1, 0, 1, 1, 0, 0, 1, 0, 1, 0, 1, 0, 1, 1, 0, 0, 1, 0, 0, 1, 0, 1, 0, 0, 0, 1, 0, 1, 0, 0, 0, 0, 1, 0, 1, 0, 1, 0, 0, 0, 1];"ADS_drawLogP(3.33, 46.0, 13, [0, 2, 1, 1, 3, 3], [26.25, 40.0, 22.5, 33.75, 43.75, 16.25], [10.06, 13.42, 21.08, 25.88, 45.04, 36.42], 1);";0,0
125;gen12;[1, 1, 1, 1, 1, 0, 1, 0, 0, 1, 1, 0, 0, 1, 0, 0, 1, 1, 0, 0, 0, 1, 1, 0, 1, 1, 0, 1, 1, 1, 0, 0, 0, 0, 1, 0, 1, 0, 1, 0, 1, 1, 0, 0, 1, 0, 0, 0, 1, 0, 0, 0, 1, 0, 1, 0, 1, 0, 1, 0, 1, 0, 0, 1, 1, 0, 1, 1, 1, 1, 1, 1, 1, 0, 0, 1, 0, 0, 1, 0, 1, 0, 0, 0, 1];"ADS_drawLogP(4.0, 46.0, 13, [0, 2, 1, 2, 0, 3], [26.25, 40.0, 22.5, 37.5, 20.0, 31.25], [10.54, 5.75, 17.73, 15.81, 44.08, 36.42], 1);";0,0
126;gen12;[1, 1, 1, 0, 0, 1, 1, 1, 0, 0, 0, 0, 0, 1, 0, 0, 1, 1, 0, 0, 1, 1, 1, 0, 1, 1, 0, 1, 1, 1, 0, 0, 0, 0, 1, 0, 1, 0, 1, 0, 0, 1, 1, 1, 1, 0, 1, 1, 0, 0, 1, 0, 1, 0, 1, 0, 1, 0, 1, 0, 1, 0, 0, 1, 1, 0, 0, 1, 1, 1, 1, 0, 1, 0, 0, 0, 1, 0, 1, 0, 1, 0, 0, 0, 1];"ADS_drawLogP(4.0, 41.0, 18, [0, 2, 1, 2, 1, 3], [26.25, 40.0, 22.5, 33.75, 43.75, 16.25], [9.4, 5.12, 16.66, 14.95, 40.15, 32.46], 1);";0,0
127;gen12;[1, 1, 1, 1, 1, 0, 1, 0, 0, 1, 1, 0, 0, 1, 0, 0, 1, 1, 0, 0, 0, 1, 1, 0, 1, 1, 0, 1, 1, 1, 0, 0, 0, 0, 1, 0, 1, 0, 1, 0, 0, 1, 1, 1, 1, 0, 1, 1, 0, 0, 1, 0, 1, 0, 1, 0, 1, 1, 0, 0, 1, 0, 1, 1, 0, 0, 0, 0, 0, 1, 0, 1, 0, 0, 0, 1, 0, 1, 1, 0, 1, 0, 0, 0, 1];"ADS_drawLogP(4.0, 46.0, 13, [0, 2, 1, 2, 0, 3], [26.25, 40.0, 22.5, 33.75, 43.75, 16.25], [10.06, 12.94, 23.0, 25.88, 43.6, 36.42], 1);";0,0
128;gen12;[1, 1, 1, 0, 0, 1, 1, 1, 0, 1, 0, 0, 0, 1, 0, 0, 1, 1, 0, 0, 0, 1, 1, 0, 1, 1, 0, 1, 1, 1, 0, 0, 0, 0, 1, 0, 1, 0, 1, 0, 0, 1, 1, 1, 1, 0, 1, 1, 0, 0, 1, 0, 1, 0, 1, 0, 1, 0, 1, 0, 1, 0, 0, 1, 1, 0, 0, 1, 1, 1, 1, 0, 1, 1, 0, 1, 0, 1, 1, 0, 1, 0, 0, 0, 1];"ADS_drawLogP(4.0, 41.0, 20, [0, 2, 1, 2, 0, 3], [26.25, 40.0, 22.5, 33.75, 43.75, 16.25], [9.4, 5.12, 16.66, 14.95, 32.03, 32.46], 1);";0,0
129;gen12;[0, 0, 1, 0, 0, 1, 1, 1, 0, 0, 0, 0, 0, 1, 0, 0, 1, 1, 0, 0, 0, 1, 1, 0, 1, 1, 0, 1, 1, 1, 0, 0, 0, 0, 1, 0, 1, 0, 1, 0, 0, 1, 1, 1, 1, 0, 1, 1, 0, 0, 1, 0, 1, 0, 1, 0, 1, 0, 1, 0, 0, 0, 0, 1, 1, 0, 0, 1, 1, 1, 1, 1, 1, 0, 0, 1, 0, 0, 1, 0, 1, 0, 0, 0, 1];"ADS_drawLogP(2.0, 41.0, 18, [0, 2, 1, 2, 0, 3], [26.25, 40.0, 22.5, 33.75, 43.75, 16.25], [9.4, 6.83, 16.66, 14.09, 39.29, 32.46], 1);";0,0
130;gen13;[1, 1, 1, 1, 1, 0, 1, 0, 0, 1, 1, 0, 0, 1, 0, 0, 1, 1, 0, 0, 0, 1, 1, 0, 1, 1, 0, 1, 1, 1, 0, 0, 0, 0, 1, 0, 1, 0, 1, 0, 0, 1, 1, 1, 1, 0, 1, 1, 0, 0, 1, 0, 1, 0, 1, 0, 1, 1, 0, 0, 1, 0, 1, 1, 0, 0, 0, 1, 1, 1, 1, 1, 1, 1, 0, 0, 0, 0, 1, 0, 1, 0, 0, 0, 1];"ADS_drawLogP(4.0, 46.0, 13, [0, 2, 1, 2, 0, 3], [26.25, 40.0, 22.5, 33.75, 43.75, 16.25], [10.06, 12.94, 22.52, 15.81, 38.33, 36.42], 1);";0,0
131;gen13;[1, 1, 1, 0, 0, 1, 1, 1, 0, 0, 0, 0, 0, 1, 0, 0, 1, 1, 0, 0, 0, 1, 0, 0, 1, 1, 0, 1, 1, 1, 0, 0, 0, 0, 1, 0, 1, 0, 1, 0, 1, 1, 1, 1, 1, 0, 1, 1, 0, 0, 1, 0, 1, 0, 1, 0, 1, 0, 1, 0, 1, 0, 0, 1, 1, 0, 0, 0, 0, 1, 0, 1, 0, 0, 0, 1, 0, 1, 1, 0, 1, 0, 0, 0, 1];"ADS_drawLogP(4.0, 41.0, 18, [0, 2, 1, 2, 0, 2], [26.25, 40.0, 22.5, 38.75, 43.75, 16.25], [9.4, 5.12, 17.08, 23.06, 38.86, 32.46], 1);";0,0
132;gen13;[1, 1, 1, 0, 0, 1, 1, 1, 0, 1, 0, 0, 0, 1, 0, 0, 1, 1, 0, 0, 0, 1, 1, 0, 1, 1, 0, 1, 1, 1, 0, 0, 0, 0, 1, 0, 1, 0, 1, 0, 1, 1, 1, 1, 1, 0, 1, 1, 0, 0, 1, 0, 1, 0, 1, 0, 1, 0, 1, 0, 1, 0, 0, 1, 1, 0, 0, 1, 1, 1, 1, 1, 1, 0, 0, 1, 0, 0, 1, 1, 1, 0, 0, 1, 1];"ADS_drawLogP(4.0, 41.0, 20, [0, 2, 1, 2, 0, 3], [26.25, 40.0, 22.5, 38.75, 43.75, 16.25], [9.4, 5.12, 16.66, 14.09, 39.29, 29.04], 3);";0,0
133;gen13;[1, 1, 1, 1, 1, 0, 1, 0, 0, 1, 1, 0, 0, 1, 1, 0, 1, 1, 0, 0, 0, 1, 1, 0, 1, 1, 0, 1, 1, 1, 0, 0, 0, 0, 1, 0, 1, 0, 1, 0, 1, 1, 0, 0, 1, 0, 0, 0, 1, 0, 0, 0, 1, 0, 1, 0, 1, 0, 1, 0, 1, 0, 0, 1, 1, 0, 1, 1, 1, 1, 1, 1, 1, 0, 0, 1, 0, 0, 1, 0, 1, 0, 0, 0, 1];"ADS_drawLogP(4.0, 46.0, 13, [0, 3, 1, 2, 0, 3], [26.25, 40.0, 22.5, 37.5, 20.0, 31.25], [10.54, 5.75, 17.73, 15.81, 44.08, 36.42], 1);";0,0
134;gen13;[1, 1, 1, 0, 0, 1, 1, 1, 0, 0, 0, 0, 0, 1, 0, 0, 1, 1, 0, 0, 0, 1, 1, 0, 1, 1, 0, 1, 1, 1, 0, 0, 0, 0, 1, 0, 1, 0, 1, 0, 0, 1, 1, 1, 1, 0, 1, 1, 0, 0, 1, 0, 1, 0, 1, 0, 1, 0, 1, 0, 0, 0, 0, 1, 1, 0, 0, 1, 1, 1, 1, 1, 1, 0, 0, 1, 0, 0, 1, 0, 1, 0, 0, 0, 0];"ADS_drawLogP(4.0, 41.0, 18, [0, 2, 1, 2, 0, 3], [26.25, 40.0, 22.5, 33.75, 43.75, 16.25], [9.4, 6.83, 16.66, 14.09, 39.29, 32.46], 0);";0,0
135;gen13;[0, 0, 1, 0, 0, 1, 1, 1, 0, 0, 0, 0, 0, 1, 0, 0, 1, 1, 0, 0, 0, 1, 0, 0, 1, 1, 0, 1, 1, 1, 0, 0, 0, 0, 1, 0, 1, 0, 1, 0, 1, 1, 1, 1, 1, 0, 1, 1, 0, 0, 1, 0, 1, 0, 1, 0, 1, 0, 1, 0, 1, 0, 0, 1, 1, 0, 0, 1, 1, 1, 1, 1, 1, 0, 0, 0, 0, 0, 1, 0, 1, 0, 0, 0, 1];"ADS_drawLogP(2.0, 41.0, 18, [0, 2, 1, 2, 0, 2], [26.25, 40.0, 22.5, 38.75, 43.75, 16.25], [9.4, 5.12, 16.66, 14.09, 41.0, 32.46], 1);";0,0
136;gen13;[0, 0, 1, 0, 0, 1, 1, 1, 0, 0, 0, 0, 0, 1, 0, 0, 1, 1, 0, 0, 0, 1, 1, 0, 1, 1, 0, 1, 1, 1, 1, 0, 0, 0, 1, 0, 1, 0, 1, 0, 0, 1, 1, 1, 1, 0, 1, 1, 0, 0, 1, 0, 1, 0, 1, 0, 1, 0, 1, 0, 0, 0, 0, 1, 1, 0, 0, 1, 1, 1, 0, 1, 0, 0, 0, 0, 1, 0, 1, 0, 1, 0, 0, 0, 1];"ADS_drawLogP(2.0, 41.0, 18, [0, 2, 1, 2, 0, 3], [26.25, 45.0, 22.5, 33.75, 43.75, 16.25], [9.4, 6.83, 16.66, 16.23, 40.15, 32.46], 1);";0,0
137;gen13;[1, 0, 1, 1, 1, 0, 1, 0, 0, 1, 1, 0, 0, 1, 0, 0, 1, 0, 1, 1, 1, 1, 1, 0, 1, 1, 0, 1, 1, 1, 0, 0, 0, 0, 1, 0, 1, 0, 1, 0, 0, 1, 1, 1, 1, 0, 1, 1, 0, 0, 1, 0, 1, 0, 1, 0, 1, 1, 0, 0, 1, 0, 0, 1, 1, 1, 0, 0, 0, 1, 1, 1, 1, 0, 0, 1, 0, 0, 1, 0, 1, 0, 0, 0, 1];"ADS_drawLogP(3.33, 46.0, 13, [0, 2, 1, 1, 3, 3], [26.25, 40.0, 22.5, 33.75, 43.75, 16.25], [10.06, 13.42, 17.25, 23.48, 44.08, 36.42], 1);";0,0
138;gen13;[1, 1, 1, 0, 0, 1, 1, 1, 0, 1, 0, 0, 0, 1, 0, 0, 1, 1, 0, 0, 0, 1, 1, 0, 1, 1, 0, 1, 1, 1, 0, 0, 0, 0, 1, 0, 1, 0, 1, 0, 0, 1, 1, 1, 1, 0, 1, 1, 0, 0, 1, 0, 1, 0, 1, 0, 1, 0, 1, 0, 1, 0, 1, 1, 1, 0, 0, 1, 1, 1, 1, 0, 1, 1, 0, 1, 0, 1, 1, 0, 1, 0, 0, 0, 1];"ADS_drawLogP(4.0, 41.0, 20, [0, 2, 1, 2, 0, 3], [26.25, 40.0, 22.5, 33.75, 43.75, 16.25], [9.4, 4.7, 16.66, 14.95, 32.03, 32.46], 1);";0,0
139;gen13;[1, 1, 1, 0, 0, 1, 1, 1, 0, 1, 0, 0, 0, 1, 0, 0, 1, 1, 0, 0, 0, 1, 1, 0, 1, 1, 0, 1, 1, 1, 0, 0, 0, 0, 1, 0, 1, 0, 1, 0, 0, 1, 1, 1, 1, 0, 1, 1, 0, 0, 1, 0, 1, 0, 1, 0, 1, 0, 1, 0, 1, 0, 0, 1, 1, 0, 0, 1, 1, 1, 1, 0, 1, 1, 0, 1, 0, 1, 1, 0, 1, 0, 0, 0, 1];"ADS_drawLogP(4.0, 41.0, 20, [0, 2, 1, 2, 0, 3], [26.25, 40.0, 22.5, 33.75, 43.75, 16.25], [9.4, 5.12, 16.66, 14.95, 32.03, 32.46], 1);";0,0
140;gen14;[1, 1, 1, 0, 0, 1, 0, 1, 0, 0, 0, 0, 0, 1, 0, 0, 1, 1, 0, 0, 0, 1, 0, 0, 1, 1, 0, 1, 1, 1, 0, 0, 0, 0, 1, 0, 1, 0, 1, 0, 1, 1, 1, 1, 1, 0, 1, 1, 0, 0, 1, 0, 1, 0, 1, 0, 1, 0, 1, 0, 1, 0, 0, 1, 1, 0, 0, 1, 1, 1, 1, 0, 1, 1, 0, 1, 0, 1, 1, 0, 1, 0, 0, 0, 1];"ADS_drawLogP(4.0, 40.5, 18, [0, 2, 1, 2, 0, 2], [26.25, 40.0, 22.5, 38.75, 43.75, 16.25], [9.28, 5.06, 16.45, 14.77, 31.64, 32.06], 1);";0,0
141;gen14;[1, 1, 1, 0, 0, 1, 1, 1, 0, 1, 0, 0, 0, 1, 0, 0, 1, 1, 0, 0, 0, 1, 1, 0, 1, 1, 0, 1, 1, 1, 0, 0, 0, 0, 1, 0, 1, 0, 1, 0, 0, 1, 1, 1, 1, 0, 1, 1, 0, 0, 1, 0, 1, 0, 1, 0, 1, 0, 1, 0, 1, 0, 1, 1, 1, 0, 0, 0, 0, 1, 0, 1, 0, 0, 0, 1, 0, 1, 1, 0, 1, 0, 0, 0, 1];"ADS_drawLogP(4.0, 41.0, 20, [0, 2, 1, 2, 0, 3], [26.25, 40.0, 22.5, 33.75, 43.75, 16.25], [9.4, 4.7, 17.08, 23.06, 38.86, 32.46], 1);";0,0
142;gen14;[1, 1, 1, 1, 1, 0, 1, 0, 0, 1, 1, 0, 0, 1, 0, 0, 1, 1, 0, 0, 0, 1, 1, 0, 1, 1, 0, 1, 1, 1, 0, 0, 0, 0, 1, 0, 1, 0, 1, 0, 0, 1, 1, 1, 1, 0, 1, 1, 0, 0, 1, 0, 1, 0, 1, 0, 1, 1, 0, 0, 1, 0, 1, 1, 0, 0, 0, 1, 1, 1, 1, 1, 1, 1, 0, 1, 0, 1, 1, 0, 1, 0, 0, 0, 1];"ADS_drawLogP(4.0, 46.0, 13, [0, 2, 1, 2, 0, 3], [26.25, 40.0, 22.5, 33.75, 43.75, 16.25], [10.06, 12.94, 22.52, 15.81, 35.94, 36.42], 1);";0,0
143;gen14;[1, 1, 1, 0, 0, 1, 1, 1, 0, 1, 0, 0, 0, 1, 0, 0, 1, 1, 0, 0, 0, 1, 1, 0, 1, 1, 0, 1, 1, 1, 0, 0, 0, 0, 1, 0, 1, 0, 1, 0, 0, 1, 1, 1, 1, 0, 1, 1, 0, 0, 1, 0, 1, 0, 1, 0, 1, 0, 1, 0, 1, 0, 1, 1, 1, 0, 0, 1, 1, 1, 1, 0, 1, 1, 0, 0, 0, 0, 1, 0, 1, 0, 0, 0, 1];"ADS_drawLogP(4.0, 41.0, 20, [0, 2, 1, 2, 0, 3], [26.25, 40.0, 22.5, 33.75, 43.75, 16.25], [9.4, 4.7, 16.66, 14.95, 34.17, 32.46], 1);";0,0
144;gen14;[1, 1, 1, 1, 1, 0, 1, 0, 0, 1, 1, 0, 0, 1, 0, 0, 1, 1, 0, 0, 0, 1, 1, 0, 1, 1, 0, 1, 1, 1, 0, 0, 0, 0, 1, 0, 1, 0, 1, 0, 0, 1, 1, 1, 1, 0, 1, 1, 0, 0, 1, 0, 1, 0, 1, 0, 1, 1, 0, 0, 1, 0, 1, 1, 0, 0, 0, 1, 1, 1, 1, 1, 1, 1, 0, 0, 0, 0, 1, 0, 1, 0, 0, 0, 1];"ADS_drawLogP(4.0, 46.0, 13, [0, 2, 1, 2, 0, 3], [26.25, 40.0, 22.5, 33.75, 43.75, 16.25], [10.06, 12.94, 22.52, 15.81, 38.33, 36.42], 1);";0,0
145;gen14;[1, 1, 1, 1, 1, 0, 1, 0, 0, 1, 0, 0, 0, 1, 1, 0, 1, 1, 0, 0, 0, 1, 1, 0, 1, 1, 0, 1, 1, 1, 0, 0, 0, 0, 1, 0, 1, 0, 1, 0, 1, 0, 0, 0, 1, 0, 0, 0, 1, 0, 0, 0, 1, 0, 1, 0, 1, 0, 1, 0, 1, 0, 0, 1, 1, 0, 1, 1, 1, 1, 1, 1, 1, 0, 0, 1, 0, 0, 1, 0, 1, 0, 0, 0, 1];"ADS_drawLogP(4.0, 46.0, 12, [0, 3, 1, 2, 0, 3], [26.25, 40.0, 22.5, 35.0, 20.0, 31.25], [10.54, 5.75, 17.73, 15.81, 44.08, 36.42], 1);";0,0
146;gen14;[1, 1, 1, 1, 1, 0, 1, 0, 0, 1, 1, 0, 0, 1, 1, 0, 1, 1, 0, 0, 0, 1, 1, 0, 1, 1, 0, 1, 1, 1, 0, 0, 0, 0, 1, 0, 1, 0, 1, 0, 0, 1, 1, 1, 1, 0, 1, 1, 0, 0, 1, 0, 1, 0, 1, 0, 1, 0, 1, 0, 0, 0, 0, 1, 1, 0, 0, 1, 1, 1, 1, 1, 1, 0, 0, 1, 0, 0, 1, 0, 1, 0, 0, 0, 0];"ADS_drawLogP(4.0, 46.0, 13, [0, 3, 1, 2, 0, 3], [26.25, 40.0, 22.5, 33.75, 43.75, 16.25], [10.54, 7.67, 18.69, 15.81, 44.08, 36.42], 0);";0,0
147;gen14;[1, 1, 1, 1, 0, 1, 1, 1, 0, 0, 0, 0, 0, 1, 0, 0, 1, 1, 0, 0, 0, 1, 1, 0, 1, 1, 0, 1, 1, 1, 0, 0, 0, 0, 1, 0, 1, 0, 1, 0, 1, 1, 0, 0, 1, 0, 0, 0, 1, 0, 0, 0, 1, 0, 1, 0, 1, 0, 1, 0, 1, 1, 0, 1, 1, 0, 1, 1, 1, 1, 1, 1, 1, 0, 0, 1, 0, 0, 1, 0, 1, 1, 0, 0, 1];"ADS_drawLogP(4.0, 45.0, 18, [0, 2, 1, 2, 0, 3], [26.25, 40.0, 22.5, 37.5, 20.0, 31.25], [10.31, 4.69, 17.34, 15.47, 43.12, 34.69], 1);";0,0
148;gen14;[0, 0, 1, 0, 0, 1, 1, 1, 0, 0, 0, 0, 0, 1, 0, 0, 1, 1, 0, 0, 0, 1, 0, 0, 1, 1, 0, 1, 1, 1, 0, 0, 1, 0, 1, 0, 1, 0, 1, 0, 1, 1, 1, 1, 1, 0, 1, 1, 0, 0, 1, 0, 1, 0, 1, 0, 1, 0, 1, 0, 1, 0, 0, 0, 1, 0, 0, 1, 1, 1, 1, 1, 1, 0, 0, 0, 0, 0, 1, 0, 1, 0, 0, 0, 1];"ADS_drawLogP(2.0, 41.0, 18, [0, 2, 1, 2, 0, 2], [26.25, 41.25, 22.5, 38.75, 43.75, 16.25], [9.4, 5.12, 23.49, 14.09, 41.0, 32.46], 1);";0,0
149;gen14;[1, 1, 1, 0, 0, 1, 1, 1, 0, 1, 0, 0, 0, 1, 0, 0, 1, 1, 0, 0, 0, 1, 1, 0, 1, 1, 0, 1, 1, 1, 0, 0, 0, 0, 1, 0, 1, 0, 1, 0, 1, 1, 1, 1, 1, 0, 1, 1, 0, 0, 1, 0, 1, 0, 1, 0, 1, 0, 1, 0, 1, 0, 0, 1, 1, 0, 0, 1, 1, 1, 1, 1, 1, 0, 0, 1, 0, 0, 1, 1, 1, 0, 0, 1, 1];"ADS_drawLogP(4.0, 41.0, 20, [0, 2, 1, 2, 0, 3], [26.25, 40.0, 22.5, 38.75, 43.75, 16.25], [9.4, 5.12, 16.66, 14.09, 39.29, 29.04], 3);";0,0
150;gen15;[1, 1, 1, 0, 0, 1, 1, 1, 0, 1, 0, 0, 0, 1, 0, 0, 1, 1, 0, 0, 1, 1, 1, 0, 1, 1, 0, 1, 1, 1, 0, 0, 0, 0, 1, 0, 1, 0, 1, 0, 1, 1, 1, 1, 1, 0, 1, 1, 1, 0, 1, 0, 1, 0, 1, 0, 1, 0, 1, 0, 1, 0, 1, 1, 1, 0, 0, 1, 1, 1, 1, 1, 1, 0, 0, 1, 0, 0, 1, 0, 1, 1, 0, 0, 1];"ADS_drawLogP(4.0, 41.0, 20, [0, 2, 1, 2, 1, 3], [26.25, 40.0, 22.5, 38.75, 43.75, 36.25], [9.4, 4.7, 16.66, 14.09, 39.29, 31.6], 1);";0,0
151;gen15;[1, 1, 1, 1, 0, 1, 1, 1, 0, 0, 0, 0, 0, 1, 0, 0, 1, 1, 0, 0, 0, 1, 1, 0, 1, 1, 0, 1, 1, 1, 0, 0, 0, 0, 1, 0, 1, 0, 1, 0, 1, 1, 0, 0, 1, 0, 0, 0, 1, 0, 0, 0, 1, 0, 1, 0, 1, 0, 1, 0, 1, 1, 0, 1, 1, 0, 1, 1, 1, 1, 1, 1, 1, 0, 0, 1, 0, 0, 1, 1, 1, 0, 0, 1, 1];"ADS_drawLogP(4.0, 45.0, 18, [0, 2, 1, 2, 0, 3], [26.25, 40.0, 22.5, 37.5, 20.0, 31.25], [10.31, 4.69, 17.34, 15.47, 43.12, 31.88], 3);";0,0
152;gen15;[1, 1, 1, 1, 1, 0, 1, 0, 0, 1, 1, 0, 0, 1, 1, 0, 1, 1, 0, 0, 0, 1, 1, 0, 1, 1, 1, 1, 1, 1, 0, 0, 0, 0, 1, 0, 1, 0, 1, 0, 0, 1, 1, 1, 1, 0, 1, 1, 0, 0, 1, 0, 1, 0, 1, 0, 1, 0, 1, 0, 0, 0, 0, 1, 1, 0, 0, 1, 1, 1, 1, 1, 1, 0, 0, 1, 0, 0, 1, 0, 1, 0, 0, 0, 0];"ADS_drawLogP(4.0, 46.0, 13, [0, 3, 1, 2, 0, 3], [28.75, 40.0, 22.5, 33.75, 43.75, 16.25], [10.54, 7.67, 18.69, 15.81, 44.08, 36.42], 0);";0,0
153;gen15;[1, 1, 1, 1, 1, 0, 1, 0, 0, 1, 1, 0, 0, 1, 1, 0, 1, 1, 0, 0, 0, 1, 1, 0, 1, 1, 0, 1, 1, 1, 0, 0, 0, 0, 1, 0, 1, 0, 1, 0, 0, 1, 1, 1, 1, 0, 1, 1, 0, 0, 1, 0, 0, 0, 1, 0, 1, 1, 0, 0, 1, 0, 1, 1, 0, 0, 0, 1, 1, 1, 1, 1, 1, 1, 0, 0, 0, 0, 1, 0, 1, 1, 0, 0, 1];"ADS_drawLogP(4.0, 46.0, 13, [0, 3, 1, 2, 0, 3], [26.25, 40.0, 22.5, 33.75, 43.75, 15.0], [10.06, 12.94, 22.52, 15.81, 38.33, 35.46], 1);";0,0
154;gen15;[1, 1, 1, 1, 1, 0, 1, 0, 0, 1, 1, 0, 0, 1, 0, 0, 1, 1, 0, 0, 0, 1, 1, 0, 1, 1, 0, 1, 1, 1, 0, 0, 0, 0, 1, 0, 1, 0, 1, 0, 1, 1, 1, 1, 1, 0, 1, 1, 0, 0, 1, 0, 1, 0, 1, 0, 1, 0, 1, 0, 1, 0, 0, 1, 1, 0, 0, 1, 1, 1, 1, 1, 1, 0, 0, 1, 0, 0, 1, 1, 1, 0, 0, 1, 1];"ADS_drawLogP(4.0, 46.0, 13, [0, 2, 1, 2, 0, 3], [26.25, 40.0, 22.5, 38.75, 43.75, 16.25], [10.54, 5.75, 18.69, 15.81, 44.08, 32.58], 3);";0,0
155;gen15;[1, 1, 1, 0, 0, 1, 1, 1, 0, 1, 0, 0, 0, 1, 0, 0, 1, 1, 0, 0, 0, 1, 1, 0, 1, 1, 0, 1, 1, 1, 0, 0, 0, 0, 1, 0, 1, 0, 1, 0, 0, 1, 1, 1, 1, 0, 1, 1, 0, 0, 1, 0, 1, 0, 1, 0, 1, 1, 0, 0, 1, 0, 1, 1, 0, 0, 0, 1, 1, 1, 1, 1, 1, 1, 0, 1, 0, 1, 1, 0, 1, 0, 0, 0, 1];"ADS_drawLogP(4.0, 41.0, 20, [0, 2, 1, 2, 0, 3], [26.25, 40.0, 22.5, 33.75, 43.75, 16.25], [8.97, 11.53, 20.07, 14.09, 32.03, 32.46], 1);";0,0
156;gen15;[1, 1, 1, 1, 0, 1, 1, 1, 0, 0, 0, 0, 0, 1, 0, 0, 1, 1, 0, 0, 0, 1, 1, 0, 1, 1, 0, 1, 1, 1, 0, 0, 0, 0, 1, 0, 1, 0, 1, 0, 1, 1, 0, 1, 1, 0, 0, 0, 1, 0, 0, 0, 1, 0, 1, 0, 1, 0, 1, 0, 0, 0, 0, 1, 1, 0, 0, 1, 1, 1, 1, 1, 1, 0, 0, 1, 0, 0, 1, 0, 1, 0, 0, 0, 0];"ADS_drawLogP(4.0, 45.0, 18, [0, 2, 1, 2, 0, 3], [26.25, 40.0, 22.5, 37.5, 40.0, 31.25], [10.31, 7.5, 18.28, 15.47, 43.12, 35.62], 0);";0,0
157;gen15;[1, 1, 1, 1, 1, 0, 1, 0, 0, 1, 1, 0, 0, 1, 1, 0, 1, 1, 0, 0, 0, 1, 1, 0, 1, 1, 0, 1, 1, 1, 0, 0, 0, 0, 1, 0, 1, 0, 1, 0, 0, 1, 1, 1, 1, 0, 1, 1, 0, 0, 1, 0, 1, 0, 1, 0, 1, 0, 1, 0, 1, 1, 0, 1, 1, 0, 1, 1, 1, 1, 1, 1, 1, 0, 0, 1, 0, 0, 1, 0, 1, 1, 0, 0, 1];"ADS_drawLogP(4.0, 46.0, 13, [0, 3, 1, 2, 0, 3], [26.25, 40.0, 22.5, 33.75, 43.75, 16.25], [10.54, 4.79, 17.73, 15.81, 44.08, 35.46], 1);";0,0
158;gen15;[1, 1, 1, 0, 0, 1, 1, 1, 0, 1, 1, 0, 0, 1, 0, 0, 1, 1, 0, 0, 0, 1, 1, 0, 1, 1, 0, 1, 1, 1, 0, 0, 0, 0, 1, 0, 1, 0, 1, 0, 0, 1, 1, 1, 1, 0, 1, 1, 0, 0, 1, 0, 1, 0, 1, 0, 1, 1, 0, 0, 1, 0, 1, 1, 0, 0, 0, 1, 1, 1, 1, 1, 1, 1, 0, 0, 0, 0, 1, 0, 1, 0, 0, 0, 1];"ADS_drawLogP(4.0, 41.0, 21, [0, 2, 1, 2, 0, 3], [26.25, 40.0, 22.5, 33.75, 43.75, 16.25], [8.97, 11.53, 20.07, 14.09, 34.17, 32.46], 1);";0,0
159;gen15;[1, 1, 1, 1, 1, 0, 1, 0, 0, 1, 0, 0, 0, 1, 0, 0, 1, 1, 0, 0, 0, 1, 1, 0, 1, 1, 0, 1, 1, 1, 0, 0, 0, 0, 1, 0, 1, 0, 1, 0, 1, 1, 1, 1, 1, 0, 1, 1, 0, 0, 1, 0, 1, 0, 1, 0, 1, 1, 1, 0, 1, 0, 0, 1, 1, 0, 0, 1, 1, 1, 1, 1, 1, 0, 0, 1, 0, 0, 1, 1, 1, 0, 0, 1, 1];"ADS_drawLogP(4.0, 46.0, 12, [0, 2, 1, 2, 0, 3], [26.25, 40.0, 22.5, 38.75, 43.75, 16.25], [10.06, 5.75, 18.69, 15.81, 44.08, 32.58], 3);";0,0
160;gen16;[1, 1, 0, 1, 1, 0, 1, 0, 0, 1, 1, 0, 0, 1, 1, 0, 1, 1, 0, 0, 0, 1, 1, 0, 1, 1, 0, 1, 1, 1, 0, 0, 0, 0, 1, 0, 1, 0, 1, 0, 0, 1, 1, 1, 1, 0, 1, 1, 0, 0, 1, 0, 1, 0, 1, 0, 1, 0, 1, 0, 1, 1, 0, 1, 1, 0, 1, 1, 1, 1, 1, 1, 1, 0, 0, 1, 0, 0, 1, 0, 1, 1, 0, 0, 1];"ADS_drawLogP(3.66, 46.0, 13, [0, 3, 1, 2, 0, 3], [26.25, 40.0, 22.5, 33.75, 43.75, 16.25], [10.54, 4.79, 17.73, 15.81, 44.08, 35.46], 1);";0,0
161;gen16;[1, 1, 1, 0, 0, 1, 1, 1, 0, 1, 0, 0, 0, 1, 0, 0, 1, 1, 0, 0, 0, 1, 1, 0, 1, 1, 0, 1, 1, 1, 0, 0, 0, 0, 1, 1, 1, 0, 1, 0, 0, 1, 1, 1, 1, 0, 1, 1, 0, 0, 1, 0, 1, 0, 1, 0, 1, 1, 0, 0, 1, 0, 1, 1, 0, 0, 0, 1, 1, 1, 1, 1, 1, 1, 1, 1, 0, 1, 1, 0, 1, 0, 0, 0, 1];"ADS_drawLogP(4.0, 41.0, 20, [0, 2, 1, 2, 0, 3], [26.25, 40.0, 27.5, 33.75, 43.75, 16.25], [8.97, 11.53, 20.07, 14.09, 28.61, 32.46], 1);";0,0
162;gen16;[1, 1, 1, 0, 0, 1, 1, 1, 0, 1, 0, 0, 0, 1, 0, 0, 1, 1, 0, 0, 1, 1, 1, 0, 1, 1, 0, 1, 1, 1, 0, 0, 0, 0, 1, 0, 1, 0, 1, 0, 0, 1, 1, 1, 1, 0, 1, 1, 0, 0, 1, 0, 1, 0, 1, 0, 1, 0, 1, 0, 0, 0, 0, 1, 1, 0, 0, 1, 1, 1, 1, 1, 1, 0, 0, 1, 0, 0, 1, 0, 1, 0, 0, 0, 0];"ADS_drawLogP(4.0, 41.0, 20, [0, 2, 1, 2, 1, 3], [26.25, 40.0, 22.5, 33.75, 43.75, 16.25], [9.4, 6.83, 16.66, 14.09, 39.29, 32.46], 0);";0,0
163;gen16;[1, 1, 1, 1, 1, 0, 1, 0, 0, 1, 1, 0, 0, 1, 1, 0, 1, 1, 0, 0, 0, 1, 1, 0, 1, 1, 1, 1, 1, 1, 0, 0, 0, 0, 1, 0, 1, 0, 1, 0, 1, 1, 1, 1, 1, 0, 1, 1, 1, 0, 1, 0, 1, 0, 1, 0, 1, 0, 1, 0, 1, 0, 1, 1, 1, 0, 0, 1, 1, 1, 1, 1, 1, 0, 0, 1, 0, 0, 1, 0, 1, 1, 0, 1, 1];"ADS_drawLogP(4.0, 46.0, 13, [0, 3, 1, 2, 0, 3], [28.75, 40.0, 22.5, 38.75, 43.75, 36.25], [10.54, 5.27, 18.69, 15.81, 44.08, 35.46], 3);";0,0
164;gen16;[1, 1, 1, 1, 1, 0, 1, 0, 0, 1, 1, 0, 1, 1, 1, 0, 1, 1, 0, 0, 0, 1, 1, 0, 1, 1, 1, 1, 1, 1, 0, 0, 0, 0, 1, 0, 1, 0, 1, 0, 0, 1, 1, 1, 1, 0, 1, 1, 0, 0, 1, 0, 1, 0, 1, 0, 1, 1, 1, 0, 0, 0, 0, 1, 1, 0, 0, 1, 1, 1, 1, 1, 1, 0, 0, 1, 0, 0, 1, 1, 1, 0, 0, 1, 1];"ADS_drawLogP(4.0, 46.0, 13, [1, 3, 1, 2, 0, 3], [28.75, 40.0, 22.5, 33.75, 43.75, 16.25], [10.06, 7.67, 18.69, 15.81, 44.08, 32.58], 3);";26,0
165;gen16;[1, 1, 1, 1, 1, 0, 1, 0, 0, 1, 0, 0, 0, 1, 0, 0, 1, 1, 0, 0, 0, 1, 1, 0, 1, 1, 0, 1, 1, 0, 0, 0, 0, 0, 1, 0, 1, 0, 1, 0, 1, 1, 1, 1, 1, 0, 1, 1, 0, 0, 1, 0, 1, 0, 1, 0, 1, 1, 1, 0, 1, 0, 0, 1, 1, 0, 0, 1, 1, 1, 1, 1, 1, 0, 0, 1, 0, 0, 1, 0, 1, 0, 0, 0, 0];"ADS_drawLogP(4.0, 46.0, 12, [0, 2, 1, 2, 0, 3], [26.25, 30.0, 22.5, 38.75, 43.75, 16.25], [10.06, 5.75, 18.69, 15.81, 44.08, 36.42], 0);";18,0
166;gen16;[1, 1, 1, 1, 0, 1, 1, 1, 0, 1, 0, 0, 0, 1, 0, 0, 1, 1, 0, 0, 1, 1, 1, 0, 1, 1, 0, 1, 1, 1, 0, 0, 0, 0, 1, 1, 1, 0, 1, 0, 1, 1, 1, 1, 1, 0, 1, 1, 0, 0, 1, 0, 1, 0, 1, 0, 1, 0, 1, 0, 1, 0, 0, 1, 1, 0, 0, 1, 1, 1, 1, 1, 1, 0, 0, 1, 0, 0, 1, 1, 1, 0, 0, 1, 1];"ADS_drawLogP(4.0, 45.0, 20, [0, 2, 1, 2, 1, 3], [26.25, 40.0, 27.5, 38.75, 43.75, 16.25], [10.31, 5.62, 18.28, 15.47, 43.12, 31.88], 3);";0,0
167;gen16;[1, 1, 1, 1, 1, 0, 1, 0, 0, 1, 1, 0, 0, 1, 0, 0, 1, 1, 0, 0, 0, 1, 1, 0, 1, 1, 0, 1, 1, 0, 0, 0, 0, 0, 1, 0, 1, 0, 1, 0, 1, 1, 1, 1, 1, 0, 1, 1, 1, 0, 1, 0, 1, 0, 1, 0, 1, 0, 1, 0, 1, 0, 1, 1, 1, 0, 0, 1, 1, 1, 1, 1, 1, 0, 1, 1, 0, 0, 1, 0, 1, 1, 0, 0, 1];"ADS_drawLogP(4.0, 46.0, 13, [0, 2, 1, 2, 0, 3], [26.25, 30.0, 22.5, 38.75, 43.75, 36.25], [10.54, 5.27, 18.69, 15.81, 40.25, 35.46], 1);";0,0
168;gen16;[1, 1, 1, 1, 0, 1, 1, 1, 0, 0, 1, 0, 0, 1, 1, 0, 1, 1, 0, 0, 0, 1, 1, 0, 1, 1, 0, 1, 1, 1, 0, 0, 0, 0, 1, 0, 1, 0, 1, 0, 0, 1, 1, 1, 1, 1, 1, 1, 0, 0, 1, 0, 1, 0, 1, 0, 0, 0, 1, 0, 1, 1, 0, 1, 1, 0, 1, 1, 1, 1, 1, 1, 1, 0, 0, 1, 0, 0, 1, 0, 1, 1, 0, 0, 1];"ADS_drawLogP(4.0, 45.0, 19, [0, 3, 1, 2, 0, 3], [26.25, 40.0, 22.5, 33.75, 48.75, 16.25], [11.25, 4.69, 17.34, 15.47, 43.12, 34.69], 1);";0,0
169;gen16;[1, 1, 1, 1, 1, 0, 1, 0, 0, 1, 0, 0, 0, 1, 0, 0, 1, 1, 0, 0, 0, 1, 0, 0, 1, 1, 0, 1, 1, 1, 0, 0, 0, 0, 1, 0, 1, 0, 1, 0, 1, 1, 0, 1, 1, 0, 0, 0, 1, 0, 0, 0, 1, 0, 1, 0, 0, 0, 1, 0, 0, 0, 0, 1, 1, 0, 0, 1, 1, 1, 0, 1, 1, 0, 0, 1, 0, 0, 1, 0, 1, 1, 0, 0, 0];"ADS_drawLogP(4.0, 46.0, 12, [0, 2, 1, 2, 0, 2], [26.25, 40.0, 22.5, 37.5, 40.0, 31.25], [11.5, 7.67, 18.69, 17.73, 44.08, 35.46], 0);";12,0
170;gen17;[1, 1, 0, 1, 1, 0, 1, 0, 0, 1, 1, 0, 0, 1, 1, 0, 1, 1, 0, 0, 1, 1, 1, 0, 1, 1, 0, 1, 1, 1, 0, 0, 0, 0, 1, 1, 1, 0, 1, 0, 1, 1, 1, 1, 1, 0, 1, 1, 0, 0, 1, 1, 1, 0, 1, 0, 1, 0, 0, 0, 1, 0, 0, 1, 1, 0, 0, 1, 1, 1, 0, 1, 1, 0, 0, 1, 0, 0, 1, 1, 1, 0, 0, 1, 1];"ADS_drawLogP(3.66, 46.0, 13, [0, 3, 1, 2, 1, 3], [26.25, 40.0, 27.5, 38.75, 43.75, 18.75], [10.54, 13.42, 18.69, 17.73, 44.08, 32.58], 3);";0,0
171;gen17;[1, 1, 1, 1, 0, 1, 1, 1, 0, 1, 0, 0, 0, 1, 0, 0, 1, 1, 0, 0, 0, 1, 1, 0, 1, 1, 0, 1, 0, 1, 0, 0, 0, 0, 1, 0, 1, 0, 1, 0, 0, 1, 1, 1, 1, 0, 1, 1, 0, 0, 1, 0, 1, 0, 1, 0, 1, 0, 1, 0, 1, 1, 0, 1, 1, 0, 1, 1, 1, 1, 1, 1, 1, 0, 0, 1, 0, 0, 1, 0, 1, 1, 0, 0, 1];"ADS_drawLogP(4.0, 45.0, 20, [0, 2, 1, 2, 0, 3], [26.25, 20.0, 22.5, 33.75, 43.75, 16.25], [10.31, 4.69, 17.34, 15.47, 43.12, 34.69], 1);";18,0
172;gen17;[1, 1, 1, 0, 1, 1, 1, 1, 0, 1, 0, 0, 0, 1, 0, 0, 1, 1, 0, 0, 0, 1, 1, 0, 1, 1, 0, 1, 1, 1, 0, 0, 0, 0, 1, 0, 1, 0, 1, 0, 0, 1, 1, 1, 1, 0, 1, 1, 0, 0, 1, 0, 1, 0, 1, 0, 1, 0, 1, 0, 1, 1, 0, 1, 1, 0, 1, 1, 1, 1, 1, 1, 1, 0, 0, 1, 0, 0, 1, 0, 1, 1, 0, 0, 1];"ADS_drawLogP(4.0, 43.0, 20, [0, 2, 1, 2, 0, 3], [26.25, 40.0, 22.5, 33.75, 43.75, 16.25], [9.85, 4.48, 16.57, 14.78, 41.21, 33.15], 1);";0,0
173;gen17;[1, 1, 0, 1, 1, 0, 1, 0, 0, 1, 1, 0, 0, 1, 1, 0, 1, 1, 0, 0, 0, 1, 1, 0, 1, 1, 0, 1, 1, 1, 0, 0, 0, 0, 1, 1, 1, 0, 1, 0, 0, 1, 1, 1, 1, 0, 1, 1, 0, 0, 1, 0, 1, 0, 1, 0, 1, 1, 0, 0, 1, 0, 1, 1, 0, 0, 0, 1, 1, 1, 1, 1, 1, 1, 1, 1, 0, 1, 1, 0, 1, 0, 0, 0, 1];"ADS_drawLogP(3.66, 46.0, 13, [0, 3, 1, 2, 0, 3], [26.25, 40.0, 27.5, 33.75, 43.75, 16.25], [10.06, 12.94, 22.52, 15.81, 32.1, 36.42], 1);";0,0
174;gen17;[1, 1, 1, 1, 0, 1, 1, 1, 0, 1, 0, 0, 0, 1, 0, 0, 1, 1, 0, 0, 1, 1, 1, 0, 1, 1, 0, 1, 1, 1, 0, 0, 0, 0, 1, 0, 1, 0, 1, 0, 1, 1, 1, 1, 1, 0, 1, 1, 1, 0, 1, 0, 1, 0, 1, 0, 1, 0, 1, 0, 1, 0, 1, 1, 1, 0, 0, 1, 1, 1, 1, 1, 1, 0, 0, 1, 0, 0, 1, 0, 1, 1, 0, 1, 1];"ADS_drawLogP(4.0, 45.0, 20, [0, 2, 1, 2, 1, 3], [26.25, 40.0, 22.5, 38.75, 43.75, 36.25], [10.31, 5.16, 18.28, 15.47, 43.12, 34.69], 3);";0,0
175;gen17;[1, 1, 1, 1, 1, 0, 1, 0, 0, 1, 1, 0, 0, 1, 1, 0, 1, 1, 0, 0, 0, 1, 1, 0, 1, 1, 1, 1, 1, 1, 0, 0, 0, 0, 1, 1, 1, 0, 1, 0, 1, 1, 1, 1, 1, 0, 1, 0, 0, 0, 1, 0, 1, 0, 1, 0, 1, 0, 1, 0, 1, 0, 0, 1, 1, 0, 0, 0, 1, 1, 1, 1, 1, 0, 0, 1, 0, 0, 1, 1, 1, 0, 0, 1, 1];"ADS_drawLogP(4.0, 46.0, 13, [0, 3, 1, 2, 0, 3], [28.75, 40.0, 27.5, 38.75, 42.5, 16.25], [10.54, 5.75, 19.17, 15.81, 44.08, 32.58], 3);";0,0
176;gen17;[1, 1, 1, 1, 0, 1, 1, 1, 0, 0, 1, 0, 0, 1, 1, 0, 1, 1, 0, 0, 0, 1, 1, 0, 1, 1, 0, 1, 1, 1, 0, 1, 0, 0, 1, 0, 1, 0, 1, 0, 0, 1, 1, 1, 1, 1, 1, 1, 0, 0, 1, 0, 1, 0, 1, 0, 0, 0, 1, 0, 1, 1, 0, 1, 1, 0, 1, 1, 1, 1, 1, 1, 1, 0, 0, 1, 0, 0, 1, 0, 1, 1, 0, 0, 1];"ADS_drawLogP(4.0, 45.0, 19, [0, 3, 1, 2, 0, 3], [26.25, 42.5, 22.5, 33.75, 48.75, 16.25], [11.25, 4.69, 17.34, 15.47, 43.12, 34.69], 1);";0,0
177;gen17;[1, 1, 1, 0, 0, 1, 1, 1, 0, 1, 0, 0, 0, 1, 0, 0, 1, 1, 0, 0, 0, 1, 1, 0, 1, 1, 0, 1, 1, 1, 0, 0, 0, 0, 1, 1, 1, 0, 1, 0, 0, 1, 1, 1, 1, 0, 1, 1, 0, 0, 1, 0, 1, 0, 1, 0, 1, 1, 0, 0, 1, 0, 1, 1, 0, 0, 0, 1, 1, 1, 1, 1, 1, 1, 1, 1, 0, 1, 1, 0, 1, 0, 0, 0, 1];"ADS_drawLogP(4.0, 41.0, 20, [0, 2, 1, 2, 0, 3], [26.25, 40.0, 27.5, 33.75, 43.75, 16.25], [8.97, 11.53, 20.07, 14.09, 28.61, 32.46], 1);";0,0
178;gen17;[1, 1, 1, 0, 0, 1, 1, 1, 0, 1, 0, 0, 0, 1, 0, 0, 1, 1, 0, 0, 1, 1, 1, 0, 1, 1, 0, 1, 1, 1, 0, 0, 0, 0, 1, 0, 1, 0, 1, 0, 0, 1, 1, 1, 1, 0, 1, 1, 0, 0, 1, 0, 1, 0, 0, 0, 1, 0, 1, 0, 0, 0, 0, 1, 1, 0, 0, 1, 1, 1, 1, 1, 1, 0, 0, 1, 0, 0, 1, 0, 1, 0, 0, 0, 0];"ADS_drawLogP(4.0, 41.0, 20, [0, 2, 1, 2, 1, 3], [26.25, 40.0, 22.5, 33.75, 43.75, 16.25], [12.81, 6.83, 16.66, 14.09, 39.29, 32.46], 0);";0,0
179;gen17;[1, 1, 1, 1, 0, 1, 1, 1, 0, 0, 1, 0, 0, 1, 1, 0, 0, 1, 0, 0, 0, 1, 1, 0, 1, 1, 0, 1, 1, 1, 0, 0, 0, 0, 1, 0, 1, 0, 1, 0, 0, 1, 1, 1, 1, 1, 1, 1, 0, 0, 1, 0, 1, 1, 1, 0, 0, 1, 1, 0, 1, 1, 0, 1, 1, 0, 1, 1, 1, 1, 1, 1, 1, 0, 0, 1, 0, 0, 1, 0, 0, 1, 0, 0, 1];"ADS_drawLogP(4.0, 45.0, 19, [0, 3, 0, 2, 0, 3], [26.25, 40.0, 22.5, 33.75, 48.75, 16.25], [3.28, 4.69, 17.34, 15.47, 43.12, 36.56], 1);";0,0
180;gen18;[1, 1, 1, 1, 1, 0, 1, 0, 0, 1, 1, 0, 0, 1, 1, 0, 1, 1, 0, 0, 0, 1, 1, 0, 1, 1, 1, 1, 1, 1, 0, 0, 0, 0, 1, 1, 1, 0, 1, 0, 1, 1, 1, 1, 1, 0, 1, 0, 0, 0, 1, 1, 1, 0, 1, 0, 1, 0, 0, 0, 1, 0, 0, 1, 1, 0, 0, 1, 1, 1, 0, 1, 1, 0, 1, 1, 1, 0, 1, 1, 1, 0, 0, 1, 1];"ADS_drawLogP(4.0, 46.0, 13, [0, 3, 1, 2, 0, 3], [28.75, 40.0, 27.5, 38.75, 42.5, 18.75], [10.54, 13.42, 18.69, 17.73, 39.29, 32.58], 3);";1,0
181;gen18;[1, 1, 0, 1, 1, 0, 1, 1, 0, 1, 1, 0, 0, 1, 1, 0, 1, 1, 0, 0, 1, 1, 1, 0, 1, 1, 0, 1, 1, 1, 0, 0, 0, 0, 1, 1, 1, 0, 1, 0, 1, 1, 1, 1, 1, 0, 1, 1, 0, 0, 1, 0, 1, 0, 1, 0, 1, 0, 1, 0, 1, 0, 0, 1, 1, 0, 0, 0, 1, 1, 1, 1, 1, 0, 0, 1, 0, 0, 1, 1, 1, 0, 0, 1, 1];"ADS_drawLogP(3.66, 46.0, 21, [0, 3, 1, 2, 1, 3], [26.25, 40.0, 27.5, 38.75, 43.75, 16.25], [10.54, 5.75, 19.17, 15.81, 44.08, 32.58], 3);";0,0
182;gen18;[1, 1, 1, 1, 0, 1, 1, 1, 0, 0, 1, 0, 0, 1, 1, 0, 0, 1, 0, 0, 0, 1, 1, 0, 1, 1, 0, 1, 1, 1, 0, 0, 1, 0, 1, 1, 1, 0, 1, 0, 0, 1, 1, 1, 1, 0, 1, 1, 0, 0, 1, 0, 1, 0, 1, 0, 1, 1, 0, 0, 1, 0, 1, 1, 0, 0, 0, 1, 1, 1, 1, 1, 1, 1, 1, 1, 0, 1, 1, 0, 1, 0, 0, 0, 1];"ADS_drawLogP(4.0, 45.0, 19, [0, 3, 0, 2, 0, 3], [26.25, 41.25, 27.5, 33.75, 43.75, 16.25], [9.84, 12.66, 22.03, 15.47, 31.41, 35.62], 1);";0,0
183;gen18;[1, 1, 1, 0, 0, 1, 1, 1, 0, 1, 0, 0, 0, 1, 0, 0, 1, 1, 0, 0, 0, 1, 1, 0, 1, 1, 0, 1, 1, 1, 0, 0, 0, 0, 1, 0, 1, 0, 1, 0, 0, 1, 0, 1, 1, 1, 1, 1, 0, 0, 1, 0, 1, 1, 1, 0, 0, 1, 1, 0, 1, 1, 0, 1, 1, 0, 1, 1, 1, 1, 1, 1, 1, 0, 0, 1, 0, 0, 1, 0, 0, 1, 0, 0, 1];"ADS_drawLogP(4.0, 41.0, 20, [0, 2, 1, 2, 0, 3], [26.25, 40.0, 22.5, 32.5, 48.75, 16.25], [2.99, 4.27, 15.8, 14.09, 39.29, 33.31], 1);";0,0
184;gen18;[1, 1, 1, 1, 0, 1, 1, 1, 0, 0, 1, 0, 0, 1, 1, 0, 0, 1, 0, 0, 0, 1, 1, 0, 1, 1, 0, 1, 1, 1, 0, 0, 0, 0, 1, 0, 1, 0, 1, 0, 0, 1, 1, 1, 1, 1, 1, 1, 0, 0, 1, 0, 1, 1, 1, 0, 0, 1, 1, 0, 1, 1, 0, 0, 1, 0, 1, 1, 1, 1, 1, 1, 1, 0, 0, 1, 0, 0, 1, 0, 0, 1, 0, 0, 1];"ADS_drawLogP(4.0, 45.0, 19, [0, 3, 0, 2, 0, 3], [26.25, 40.0, 22.5, 33.75, 48.75, 16.25], [3.28, 4.69, 24.84, 15.47, 43.12, 36.56], 1);";10,0
185;gen18;[1, 1, 1, 1, 0, 1, 1, 1, 0, 0, 1, 0, 0, 1, 1, 0, 0, 1, 0, 0, 0, 1, 1, 0, 1, 1, 0, 1, 1, 0, 0, 0, 0, 0, 1, 0, 1, 0, 1, 0, 0, 1, 0, 1, 1, 1, 1, 1, 0, 0, 1, 0, 1, 1, 1, 0, 0, 1, 1, 0, 1, 1, 0, 1, 1, 0, 1, 1, 1, 1, 1, 1, 1, 0, 0, 1, 0, 0, 1, 0, 0, 1, 0, 0, 1];"ADS_drawLogP(4.0, 45.0, 19, [0, 3, 0, 2, 0, 3], [26.25, 30.0, 22.5, 32.5, 48.75, 16.25], [3.28, 4.69, 17.34, 15.47, 43.12, 36.56], 1);";0,0
186;gen18;[1, 1, 1, 1, 0, 1, 1, 1, 0, 0, 1, 1, 0, 1, 1, 0, 0, 1, 0, 0, 0, 1, 1, 0, 1, 1, 0, 1, 1, 1, 0, 0, 0, 0, 1, 0, 1, 0, 1, 0, 0, 1, 1, 1, 1, 1, 1, 1, 0, 0, 1, 0, 1, 1, 1, 0, 0, 1, 1, 0, 1, 0, 1, 1, 0, 0, 0, 1, 1, 1, 1, 1, 1, 1, 1, 1, 0, 1, 1, 0, 1, 0, 0, 0, 1];"ADS_drawLogP(4.0, 45.0, 19, [2, 3, 0, 2, 0, 3], [26.25, 40.0, 22.5, 33.75, 48.75, 16.25], [3.28, 5.16, 22.03, 15.47, 31.41, 35.62], 1);";24,0
187;gen18;[1, 1, 1, 0, 0, 1, 1, 1, 0, 1, 0, 0, 0, 1, 0, 0, 1, 1, 0, 0, 0, 1, 1, 0, 1, 1, 0, 1, 1, 0, 0, 0, 0, 0, 1, 1, 1, 0, 1, 0, 0, 1, 1, 1, 1, 0, 1, 1, 0, 0, 1, 0, 1, 0, 1, 0, 1, 1, 0, 0, 1, 1, 0, 1, 1, 0, 1, 1, 1, 1, 1, 1, 1, 0, 0, 1, 0, 0, 1, 0, 0, 1, 0, 0, 1];"ADS_drawLogP(4.0, 41.0, 20, [0, 2, 1, 2, 0, 3], [26.25, 30.0, 27.5, 33.75, 43.75, 16.25], [8.97, 11.1, 15.8, 14.09, 39.29, 33.31], 1);";20,0
188;gen18;[1, 1, 0, 1, 1, 1, 1, 0, 0, 1, 1, 0, 0, 1, 0, 0, 1, 1, 0, 0, 0, 1, 1, 0, 1, 1, 0, 0, 1, 1, 0, 0, 0, 0, 1, 1, 1, 0, 1, 0, 0, 1, 1, 1, 1, 0, 1, 1, 0, 0, 1, 0, 1, 0, 1, 0, 1, 1, 0, 0, 1, 0, 1, 1, 0, 0, 0, 1, 1, 1, 1, 1, 1, 1, 1, 1, 0, 1, 1, 0, 1, 0, 0, 0, 1];"ADS_drawLogP(3.66, 47.0, 13, [0, 2, 1, 2, 0, 3], [25.0, 40.0, 27.5, 33.75, 43.75, 16.25], [10.28, 13.22, 23.01, 16.16, 32.8, 37.21], 1);";0,0
189;gen18;[1, 1, 1, 0, 0, 1, 1, 1, 0, 1, 0, 0, 0, 1, 1, 0, 1, 1, 0, 0, 0, 1, 1, 0, 1, 1, 0, 1, 1, 1, 0, 0, 0, 0, 1, 1, 1, 0, 1, 0, 0, 1, 1, 1, 1, 0, 1, 1, 0, 0, 1, 0, 1, 0, 1, 0, 1, 1, 0, 0, 1, 0, 1, 1, 0, 0, 0, 1, 1, 1, 1, 1, 1, 1, 1, 1, 0, 1, 1, 0, 1, 0, 0, 0, 1];"ADS_drawLogP(4.0, 41.0, 20, [0, 3, 1, 2, 0, 3], [26.25, 40.0, 27.5, 33.75, 43.75, 16.25], [8.97, 11.53, 20.07, 14.09, 28.61, 32.46], 1);";0,0
190;gen19;[1, 1, 0, 1, 1, 1, 1, 0, 1, 1, 1, 0, 0, 1, 0, 0, 1, 1, 0, 0, 0, 1, 1, 0, 1, 1, 0, 0, 0, 1, 0, 0, 0, 0, 1, 1, 1, 0, 1, 0, 0, 1, 1, 1, 1, 0, 1, 1, 0, 0, 1, 0, 1, 1, 1, 0, 0, 1, 1, 0, 1, 1, 0, 1, 1, 0, 1, 1, 1, 1, 1, 1, 1, 0, 0, 1, 0, 1, 1, 0, 0, 1, 0, 0, 1];"ADS_drawLogP(3.66, 47.0, 17, [0, 2, 1, 2, 0, 3], [25.0, 20.0, 27.5, 33.75, 43.75, 16.25], [3.43, 4.9, 18.11, 16.16, 44.55, 38.19], 1);";8,0
191;gen19;[1, 1, 1, 0, 0, 1, 1, 1, 0, 1, 0, 0, 0, 1, 0, 0, 1, 1, 1, 0, 0, 1, 1, 0, 1, 1, 0, 1, 1, 1, 0, 0, 0, 0, 1, 0, 1, 0, 1, 0, 0, 1, 0, 1, 1, 1, 1, 1, 0, 0, 1, 0, 1, 0, 1, 0, 1, 1, 0, 0, 1, 0, 1, 1, 0, 0, 0, 1, 1, 1, 1, 1, 1, 1, 1, 1, 0, 1, 1, 0, 1, 0, 0, 0, 1];"ADS_drawLogP(4.0, 41.0, 20, [0, 2, 1, 3, 0, 3], [26.25, 40.0, 22.5, 32.5, 48.75, 16.25], [8.97, 11.53, 20.07, 14.09, 28.61, 32.46], 1);";0,0
192;gen19;[1, 1, 1, 1, 0, 1, 1, 1, 0, 0, 1, 0, 0, 1, 1, 0, 0, 1, 0, 0, 0, 1, 1, 0, 1, 1, 0, 1, 1, 0, 0, 0, 0, 0, 1, 0, 1, 0, 1, 0, 0, 1, 0, 1, 1, 1, 1, 1, 0, 0, 1, 0, 1, 1, 1, 0, 0, 1, 1, 0, 1, 1, 0, 1, 1, 0, 1, 1, 1, 1, 1, 1, 1, 0, 0, 1, 0, 0, 1, 0, 0, 1, 0, 0, 1];"ADS_drawLogP(4.0, 45.0, 19, [0, 3, 0, 2, 0, 3], [26.25, 30.0, 22.5, 32.5, 48.75, 16.25], [3.28, 4.69, 17.34, 15.47, 43.12, 36.56], 1);";0,0
193;gen19;[1, 1, 1, 0, 0, 1, 1, 1, 0, 1, 0, 0, 0, 1, 0, 0, 1, 1, 0, 0, 0, 1, 1, 0, 1, 1, 0, 1, 1, 1, 0, 0, 0, 0, 1, 0, 1, 0, 1, 0, 0, 1, 0, 1, 1, 1, 1, 1, 0, 0, 1, 0, 1, 1, 1, 0, 0, 1, 1, 0, 1, 1, 0, 1, 1, 0, 1, 1, 1, 1, 1, 1, 1, 0, 0, 1, 1, 0, 1, 0, 0, 1, 0, 0, 1];"ADS_drawLogP(4.0, 41.0, 20, [0, 2, 1, 2, 0, 3], [26.25, 40.0, 22.5, 32.5, 48.75, 16.25], [2.99, 4.27, 15.8, 14.09, 38.44, 33.31], 1);";0,0
194;gen19;[1, 1, 0, 1, 1, 0, 1, 1, 0, 1, 1, 0, 0, 1, 1, 0, 1, 1, 0, 0, 1, 0, 1, 0, 1, 1, 0, 1, 1, 1, 0, 0, 0, 0, 1, 1, 1, 0, 1, 0, 1, 1, 1, 1, 1, 0, 1, 1, 0, 1, 1, 0, 1, 0, 1, 0, 1, 1, 0, 0, 1, 0, 1, 1, 0, 0, 0, 1, 1, 1, 1, 1, 1, 1, 1, 1, 0, 1, 1, 0, 1, 0, 0, 0, 1];"ADS_drawLogP(3.66, 46.0, 21, [0, 3, 1, 2, 1, 1], [26.25, 40.0, 27.5, 38.75, 43.75, 26.25], [10.06, 12.94, 22.52, 15.81, 32.1, 36.42], 1);";7,0
195;gen19;[1, 1, 0, 1, 1, 1, 1, 0, 0, 1, 1, 0, 0, 1, 0, 0, 1, 1, 0, 0, 0, 1, 1, 0, 1, 1, 0, 0, 1, 1, 0, 0, 0, 0, 1, 1, 1, 0, 1, 0, 0, 1, 1, 1, 1, 0, 1, 1, 0, 0, 1, 0, 1, 0, 1, 0, 1, 0, 1, 0, 1, 0, 0, 1, 1, 0, 0, 0, 1, 1, 1, 1, 1, 0, 0, 1, 0, 0, 1, 1, 1, 0, 0, 1, 1];"ADS_drawLogP(3.66, 47.0, 13, [0, 2, 1, 2, 0, 3], [25.0, 40.0, 27.5, 33.75, 43.75, 16.25], [10.77, 5.88, 19.58, 16.16, 45.04, 33.29], 3);";0,0
196;gen19;[1, 1, 1, 0, 0, 1, 1, 1, 0, 1, 0, 0, 0, 1, 1, 0, 1, 1, 0, 0, 0, 1, 1, 0, 1, 1, 0, 1, 1, 1, 0, 0, 0, 0, 1, 1, 1, 0, 1, 0, 0, 1, 1, 1, 1, 0, 1, 1, 0, 1, 1, 0, 1, 0, 1, 0, 1, 1, 0, 0, 1, 0, 1, 1, 0, 0, 0, 1, 1, 1, 1, 1, 1, 1, 1, 1, 0, 1, 1, 0, 1, 0, 0, 0, 1];"ADS_drawLogP(4.0, 41.0, 20, [0, 3, 1, 2, 0, 3], [26.25, 40.0, 27.5, 33.75, 43.75, 26.25], [8.97, 11.53, 20.07, 14.09, 28.61, 32.46], 1);";0,0
197;gen19;[1, 1, 1, 1, 0, 1, 1, 1, 0, 0, 1, 0, 0, 0, 1, 0, 0, 1, 0, 0, 0, 1, 1, 0, 1, 1, 0, 1, 1, 1, 0, 0, 1, 0, 1, 1, 1, 0, 1, 0, 0, 1, 1, 1, 1, 0, 1, 1, 0, 0, 1, 0, 1, 0, 1, 0, 1, 1, 0, 0, 1, 0, 1, 1, 0, 0, 0, 1, 1, 1, 1, 1, 1, 1, 1, 1, 0, 1, 1, 0, 1, 0, 0, 0, 1];"ADS_drawLogP(4.0, 45.0, 19, [0, 1, 0, 2, 0, 3], [26.25, 41.25, 27.5, 33.75, 43.75, 16.25], [9.84, 12.66, 22.03, 15.47, 31.41, 35.62], 1);";0,0
198;gen19;[1, 1, 1, 1, 0, 1, 1, 1, 0, 0, 1, 0, 0, 1, 1, 0, 0, 1, 0, 0, 0, 1, 1, 0, 1, 1, 0, 0, 1, 1, 0, 0, 1, 0, 1, 1, 1, 0, 1, 0, 0, 1, 1, 1, 1, 0, 1, 1, 0, 0, 1, 0, 1, 0, 1, 0, 1, 1, 0, 0, 1, 0, 1, 1, 0, 0, 0, 1, 1, 1, 1, 1, 1, 1, 1, 1, 0, 1, 1, 1, 0, 0, 0, 1, 1];"ADS_drawLogP(4.0, 45.0, 19, [0, 3, 0, 2, 0, 3], [25.0, 41.25, 27.5, 33.75, 43.75, 16.25], [9.84, 12.66, 22.03, 15.47, 31.41, 33.75], 3);";0,0
199;gen19;[1, 1, 0, 1, 1, 0, 1, 1, 0, 1, 1, 1, 0, 1, 1, 0, 0, 1, 0, 0, 1, 1, 0, 0, 1, 1, 0, 1, 1, 1, 0, 0, 0, 0, 1, 1, 1, 0, 1, 0, 1, 1, 1, 1, 1, 0, 1, 1, 0, 0, 1, 0, 1, 0, 1, 0, 1, 0, 1, 0, 1, 0, 0, 1, 1, 0, 0, 0, 1, 1, 1, 1, 1, 0, 0, 1, 0, 0, 1, 0, 1, 0, 0, 0, 1];"ADS_drawLogP(3.66, 46.0, 21, [2, 3, 0, 2, 1, 2], [26.25, 40.0, 27.5, 38.75, 43.75, 16.25], [10.54, 5.75, 19.17, 15.81, 44.08, 36.42], 1);";0,0

Running Time: 10:19:24.695 hours